代码,简称,基金经理,基金公司,资产规模,评级评分,涨幅评分,业绩评分,综合评分,上海证券评级,招商证券评级,济安金信评级,晨星评级,近3月涨幅,近3月四分位,近6月涨幅,近6月四分位,近1年涨幅,近1年四分位,近2年涨幅,近2年四分位,近3年涨幅,近3年四分位,近5年涨幅,近5年四分位,选证能力,收益率,抗风险,稳定性,管理规模
485119,工银信用纯债债券,李敏,工银,73.59亿元,100.0,32,74.0,77.60000000000001,5,5,5,5,1.41%,一般,1.26%,不佳,4.32%,一般,11.37%,优秀,14.48%,优秀,17.35%,一般,80.0,75.0,70.0,75.0,90.0
400030,东方添益债券,吴萍萍,东方,183.90亿元,100.0,96,75.0,84.6,5,5,5,5,2.25%,优秀,2.24%,良好,5.89%,优秀,13.09%,优秀,15.57%,优秀,28.61%,优秀,75.0,85.0,70.0,70.0,100.0
000931,国寿安保尊益信用,丁宇佳,国寿安保,8.62亿元,100.0,100,74.0,84.4,5,5,5,5,2.99%,优秀,3.75%,优秀,7.16%,优秀,13.73%,优秀,15.91%,优秀,29.77%,优秀,80.0,90.0,70.0,70.0,80.0
002881,中加丰润纯债债券,张楠,中加,48.46亿元,100.0,42,69.0,75.60000000000001,5,5,5,5,1.86%,良好,1.02%,不佳,3.83%,一般,9.34%,良好,13.05%,优秀,19.91%,良好,70.0,75.0,65.0,70.0,85.0
003417,中加丰泽纯债债券,袁素,中加,45.67亿元,100.0,84,74.0,82.80000000000001,5,5,5,5,1.92%,良好,2.03%,良好,4.85%,良好,10.53%,优秀,13.19%,优秀,20.67%,良好,75.0,80.0,70.0,75.0,90.0
003102,长盛盛裕纯债A,王贵君,长盛,10.70亿元,100.0,100,77.0,86.19999999999999,5,5,5,5,2.35%,优秀,2.66%,优秀,5.85%,优秀,12.79%,优秀,18.07%,优秀,30.32%,优秀,80.0,85.0,75.0,75.0,80.0
003289,创金合信尊泰纯债,郑振源,创金合信,11.23亿元,100.0,78,82.0,86.99999999999999,5,5,5,5,1.45%,一般,1.87%,一般,5.70%,良好,12.30%,优秀,17.70%,优秀,22.19%,优秀,95.0,85.0,80.0,80.0,80.0
002550,嘉实稳荣债券,闵锐,嘉实,100.45亿元,100.0,92,75.5,84.5,5,5,5,5,1.69%,良好,2.14%,良好,5.37%,优秀,12.10%,优秀,14.61%,优秀,24.95%,优秀,80.0,85.0,70.0,75.0,95.0
004061,华夏鼎隆债券A,孙蕾,华夏,10.51亿元,100.0,84,81.5,87.30000000000001,5,5,5,5,1.36%,一般,1.76%,一般,5.26%,优秀,11.00%,优秀,14.17%,优秀,21.16%,优秀,95.0,80.0,80.0,80.0,80.0
675091,西部利得祥逸债券,易圣倩,西部利得,13.76亿元,100.0,78,73.0,81.6,5,5,5,5,1.49%,一般,1.65%,一般,4.39%,良好,10.11%,优秀,14.06%,优秀,22.00%,优秀,80.0,75.0,70.0,75.0,80.0
004907,长安泓沣中短债债,李坤,长安,4.50亿元,100.0,70,74.5,81.69999999999999,5,5,5,5,0.80%,良好,0.78%,不佳,2.85%,良好,8.42%,优秀,11.78%,优秀,18.35%,优秀,70.0,70.0,75.0,75.0,80.0
005853,财通聚利债券A,罗晓倩,财通,23.67亿元,100.0,40,76.5,79.9,5,5,5,5,1.31%,一般,1.29%,不佳,3.58%,不佳,9.53%,良好,13.09%,优秀,20.74%,优秀,85.0,75.0,75.0,75.0,80.0
270044,广发双债添利债券,代宇,广发,131.85亿元,100.0,80,72.0,81.19999999999999,5,5,5,5,2.17%,良好,1.95%,一般,5.89%,良好,12.43%,优秀,15.43%,优秀,21.92%,良好,75.0,85.0,65.0,70.0,100.0
006242,宝盈盈润纯债债券,卢贤海,宝盈,3.81亿元,100.0,40,74.0,78.4,5,5,5,5,1.34%,一般,1.11%,不佳,3.25%,不佳,9.56%,良好,13.52%,优秀,26.01%,优秀,70.0,70.0,75.0,75.0,75.0
007828,创金合信信用红利,郑振源,创金合信,26.10亿元,100.0,40,77.0,80.19999999999999,5,5,5,5,1.18%,一般,1.18%,不佳,4.32%,一般,9.34%,良好,12.23%,优秀,26.29%,优秀,80.0,75.0,75.0,80.0,85.0
007676,蜂巢添汇纯债A,廖新昌,蜂巢,5.20亿元,100.0,88,74.0,83.2,5,5,5,5,1.92%,良好,1.52%,一般,6.16%,优秀,16.45%,优秀,20.12%,优秀,28.46%,优秀,80.0,90.0,70.0,70.0,80.0
007311,方正富邦添利纯债,牛伟松,方正富邦,10.25亿元,100.0,96,77.5,86.1,5,5,5,5,2.25%,优秀,2.39%,良好,5.38%,优秀,11.35%,优秀,14.58%,优秀,20.93%,优秀,90.0,80.0,75.0,75.0,80.0
008578,东海祥苏短债A,邢烨,东海,31.83亿元,100.0,74,90.5,91.7,5,5,5,5,0.55%,不佳,1.31%,优秀,2.74%,良好,7.05%,优秀,10.83%,优秀,---,,95.0,70.0,95.0,90.0,80.0
007744,长盛安逸纯债债券,王贵君,长盛,21.79亿元,100.0,82,77.5,84.7,5,5,5,5,1.73%,良好,1.87%,一般,4.42%,良好,10.20%,优秀,14.50%,优秀,25.31%,优秀,80.0,80.0,75.0,80.0,85.0
008857,华夏鼎航债券A,孙蕾,华夏,23.59亿元,100.0,84,78.0,85.2,5,5,5,5,1.33%,一般,1.68%,一般,5.32%,优秀,13.49%,优秀,16.25%,优秀,---,,85.0,85.0,75.0,75.0,85.0
002138,泓德裕泰债券A,赵端端,泓德,2.02亿元,100.0,66,75.0,81.6,5,5,5,5,2.36%,优秀,3.33%,良好,6.05%,一般,11.94%,优秀,17.61%,优秀,21.48%,优秀,95.0,85.0,70.0,70.0,80.0
007537,景顺长城景泰盈利,彭成军,景顺长城,13.22亿元,100.0,92,74.0,83.60000000000001,5,5,5,5,1.93%,良好,2.42%,良好,5.62%,优秀,11.63%,优秀,13.90%,优秀,25.78%,优秀,80.0,85.0,70.0,75.0,80.0
007551,鑫元泽利A,曹建华,鑫元,6.21亿元,100.0,82,72.0,81.39999999999999,5,5,5,5,2.06%,良好,1.89%,一般,4.94%,良好,11.74%,优秀,15.98%,优秀,29.42%,优秀,75.0,80.0,70.0,70.0,75.0
162210,宏利集利债券A,李宇璐,宏利,27.14亿元,92.0,96,71.5,80.1,5,3,5,5,2.26%,优秀,3.50%,良好,10.56%,优秀,8.44%,优秀,10.48%,优秀,22.61%,优秀,80.0,95.0,65.0,65.0,85.0
485019,工银信用纯债债券,李敏,工银,1.20亿元,92.0,32,72.5,74.3,5,3,5,5,1.31%,一般,1.06%,不佳,3.91%,一般,10.47%,优秀,13.11%,优秀,15.03%,不佳,80.0,75.0,70.0,75.0,75.0
000306,天弘弘利债券A,刘洋,天弘,20.18亿元,96.0,76,77.5,82.89999999999999,5,4,5,5,1.15%,一般,1.83%,一般,6.71%,良好,11.50%,优秀,13.63%,优秀,21.28%,良好,80.0,90.0,75.0,70.0,85.0
000914,中加纯债债券,于跃,中加,69.47亿元,96.0,46,74.5,78.1,4,5,5,5,1.71%,良好,1.37%,不佳,3.89%,一般,10.11%,优秀,13.48%,优秀,23.49%,优秀,75.0,75.0,70.0,75.0,100.0
000744,北信瑞丰稳定收益,董鎏洋,北信,30.71亿元,96.0,74,74.0,80.6,5,4,5,5,1.55%,一般,1.63%,一般,4.88%,良好,11.47%,优秀,10.90%,良好,19.06%,良好,80.0,80.0,70.0,75.0,85.0
519519,华泰柏瑞稳本增利,王烨斌,华泰柏瑞,0.53亿元,92.0,18,65.0,68.39999999999999,5,3,5,5,-0.83%,不佳,0.42%,不佳,2.19%,不佳,2.83%,一般,8.46%,优秀,20.96%,良好,55.0,70.0,65.0,65.0,70.0
000181,景顺长城四季金利,彭成军,景顺长城,31.43亿元,92.0,88,74.5,81.1,5,3,5,5,2.84%,优秀,4.41%,良好,7.14%,良好,12.28%,优秀,13.51%,优秀,18.93%,良好,85.0,85.0,70.0,70.0,85.0
270048,广发纯债债券A,宋倩倩,广发,163.36亿元,92.0,82,79.0,83.2,3,5,5,5,1.59%,一般,2.09%,良好,5.24%,良好,11.53%,优秀,13.17%,优秀,25.13%,优秀,85.0,80.0,75.0,75.0,100.0
485107,工银添利债券A,谷衡,工银,12.74亿元,92.0,72,72.0,78.0,5,3,5,5,2.22%,良好,3.28%,良好,5.80%,良好,7.14%,一般,10.72%,良好,21.32%,良好,80.0,75.0,70.0,65.0,80.0
003545,东兴兴利债券A,司马义买买提,东兴,3.67亿元,84.00000000000001,58,78.0,77.8,5,5,5,3,1.65%,良好,1.75%,一般,2.93%,不佳,7.34%,优秀,10.62%,优秀,21.70%,优秀,75.0,70.0,80.0,80.0,75.0
001993,博时裕泰纯债债券,李汉楠,博时,13.67亿元,92.0,26,83.0,79.99999999999999,5,5,5,4,0.82%,不佳,1.11%,不佳,3.14%,不佳,8.62%,良好,11.88%,良好,23.99%,优秀,85.0,70.0,85.0,85.0,80.0
003156,招商招悦纯债A,王娟娟,招商,80.44亿元,96.0,100,78.0,85.6,4,5,5,5,2.48%,优秀,3.14%,优秀,5.93%,优秀,12.27%,优秀,14.06%,优秀,26.37%,优秀,80.0,85.0,75.0,75.0,90.0
002775,博时景兴纯债债券,程卓,博时,8.01亿元,96.0,30,76.0,77.4,5,4,5,5,0.76%,不佳,0.69%,不佳,3.14%,不佳,11.16%,优秀,12.86%,优秀,22.87%,优秀,80.0,70.0,75.0,80.0,80.0
003547,鹏华丰禄债券,刘涛,鹏华,77.95亿元,96.0,96,80.5,86.69999999999999,4,5,5,5,1.75%,良好,2.70%,优秀,5.32%,优秀,11.19%,优秀,14.56%,优秀,28.44%,优秀,70.0,85.0,80.0,75.0,95.0
162715,广发聚源债券(L,吴迪,广发,36.42亿元,96.0,100,76.5,84.69999999999999,5,5,4,5,2.62%,优秀,3.68%,优秀,7.21%,优秀,11.64%,优秀,15.03%,优秀,22.31%,优秀,70.0,90.0,75.0,70.0,85.0
003155,中加丰尚纯债债券,王霈,中加,15.31亿元,96.0,82,80.0,85.0,5,5,4,5,1.61%,一般,2.12%,良好,4.70%,良好,11.03%,优秀,12.95%,优秀,20.98%,优秀,80.0,80.0,80.0,80.0,80.0
002175,博时裕乾纯债债券,何平,博时,12.61亿元,96.0,96,81.0,87.0,5,5,4,5,2.02%,良好,3.68%,优秀,9.40%,优秀,13.54%,优秀,15.90%,优秀,24.02%,优秀,85.0,100.0,80.0,70.0,75.0
161716,招商双债增强债券,刘万锋,招商,98.93亿元,96.0,86,78.0,84.19999999999999,5,5,4,5,2.06%,良好,2.42%,良好,4.91%,良好,11.01%,优秀,12.73%,优秀,23.52%,优秀,75.0,80.0,75.0,75.0,100.0
003742,汇安嘉汇纯债债券,金鸿峰,汇安,12.72亿元,76.0,66,74.5,74.1,5,5,5,2,1.20%,一般,1.31%,不佳,4.96%,良好,15.03%,优秀,17.97%,优秀,24.26%,优秀,90.0,80.0,70.0,75.0,80.0
003863,招商招祥纯债A,王梓林,招商,52.28亿元,96.0,86,74.5,82.1,4,5,5,5,1.92%,良好,2.22%,良好,4.96%,良好,11.00%,优秀,13.25%,优秀,22.61%,优秀,80.0,80.0,70.0,75.0,90.0
004388,鹏华丰享债券,方昶,鹏华,188.90亿元,96.0,96,78.0,85.19999999999999,4,5,5,5,2.23%,优秀,2.52%,良好,5.44%,优秀,11.23%,优秀,13.60%,优秀,24.96%,优秀,75.0,80.0,75.0,75.0,100.0
400009,东方稳健回报债券,刘长俊,东方,0.43亿元,96.0,80,75.5,82.1,5,5,4,5,1.64%,一般,2.36%,良好,5.00%,良好,11.53%,优秀,13.98%,优秀,19.43%,良好,80.0,80.0,75.0,75.0,70.0
675093,西部利得祥逸债券,易圣倩,西部利得,5.74亿元,92.0,54,73.0,76.8,5,3,5,5,1.46%,一般,1.60%,一般,4.28%,一般,9.87%,优秀,13.71%,优秀,23.49%,优秀,80.0,75.0,70.0,75.0,80.0
003103,长盛盛裕纯债C,王贵君,长盛,3.43亿元,92.0,100,76.0,83.2,5,3,5,5,2.30%,优秀,2.57%,优秀,5.65%,优秀,12.33%,优秀,17.37%,优秀,29.08%,优秀,80.0,80.0,75.0,75.0,75.0
217022,招商产业债券A,马龙,招商,197.97亿元,92.0,52,78.5,79.9,5,5,5,4,1.22%,一般,1.44%,一般,3.76%,一般,9.26%,良好,11.67%,优秀,23.82%,优秀,80.0,75.0,75.0,80.0,100.0
004042,华夏鼎茂债券A,刘明宇,华夏,240.95亿元,96.0,100,75.0,83.8,4,5,5,5,2.96%,优秀,3.61%,优秀,7.35%,优秀,14.44%,优秀,15.09%,优秀,24.02%,优秀,70.0,90.0,70.0,70.0,100.0
004908,长安泓沣中短债债,李坤,长安,0.07亿元,92.0,42,73.0,75.6,5,3,5,5,0.75%,一般,0.69%,不佳,2.70%,一般,8.09%,优秀,11.27%,优秀,17.44%,优秀,70.0,70.0,75.0,75.0,65.0
000745,北信瑞丰稳定收益,董鎏洋,北信,0.68亿元,92.0,58,72.5,76.89999999999999,5,3,5,5,1.51%,一般,1.51%,一般,4.58%,良好,10.84%,优秀,9.70%,一般,16.82%,一般,75.0,80.0,70.0,75.0,75.0
006210,东方臻宝纯债债券,郑雪莹,东方,26.32亿元,88.00000000000001,100,76.5,82.3,2,5,5,5,3.67%,优秀,4.20%,优秀,6.88%,优秀,14.09%,优秀,18.46%,优秀,26.72%,优秀,80.0,85.0,75.0,70.0,80.0
006212,东方臻选纯债债券,刘长俊,东方,10.61亿元,92.0,66,85.0,85.19999999999999,5,5,3,5,1.11%,不佳,1.55%,一般,5.01%,良好,13.16%,优秀,17.84%,优秀,40.07%,优秀,100.0,80.0,85.0,80.0,80.0
006475,国泰嘉睿纯债债券,胡智磊,国泰,61.56亿元,96.0,100,78.0,85.6,5,5,4,5,2.73%,优秀,4.44%,优秀,8.63%,优秀,13.32%,优秀,15.44%,优秀,23.18%,优秀,80.0,95.0,75.0,70.0,85.0
006211,东方臻宝纯债债券,郑雪莹,东方,20.66亿元,92.0,100,76.0,83.2,5,3,5,5,3.64%,优秀,4.15%,优秀,6.78%,优秀,13.87%,优秀,18.08%,优秀,26.08%,优秀,80.0,85.0,75.0,70.0,75.0
006747,东海祥利纯债,邢烨,东海,3.96亿元,92.0,68,73.0,78.19999999999999,5,3,5,5,1.33%,一般,1.53%,一般,4.57%,良好,11.12%,优秀,14.36%,优秀,15.15%,不佳,80.0,80.0,70.0,75.0,75.0
006549,国金惠盈纯债A,于涛,国金,46.33亿元,96.0,100,70.5,81.1,5,4,5,5,3.93%,优秀,2.90%,优秀,7.76%,优秀,16.03%,优秀,17.47%,优秀,26.83%,优秀,65.0,95.0,65.0,65.0,90.0
519945,长信富安纯债18,冯彬,长信,14.09亿元,84.00000000000001,28,82.5,77.5,5,5,5,3,0.70%,不佳,1.15%,不佳,3.13%,不佳,9.50%,良好,15.79%,优秀,29.48%,优秀,80.0,70.0,85.0,85.0,80.0
006980,国寿安保泰恒纯债,陶尹斌,国寿安保,3.85亿元,96.0,100,78.0,85.6,5,5,4,5,3.36%,优秀,4.41%,优秀,8.52%,优秀,15.20%,优秀,17.57%,优秀,25.01%,优秀,90.0,95.0,75.0,70.0,75.0
007554,财通恒利纯债,张婉玉,财通,17.12亿元,96.0,20,77.0,77.0,5,5,4,5,1.10%,不佳,1.27%,不佳,4.28%,一般,11.16%,优秀,13.62%,优秀,16.75%,一般,90.0,75.0,75.0,75.0,80.0
007194,长城短债A,邹德立,长城,71.29亿元,92.0,96,75.0,82.19999999999999,3,5,5,5,1.51%,优秀,1.26%,良好,3.88%,优秀,9.75%,优秀,11.56%,优秀,18.65%,优秀,80.0,75.0,70.0,75.0,100.0
007167,华安安和债券A,康钊,华安,10.34亿元,92.0,30,77.0,76.8,5,5,5,4,0.96%,不佳,1.12%,不佳,4.04%,一般,10.38%,优秀,12.47%,优秀,21.46%,优秀,85.0,75.0,75.0,80.0,80.0
007562,景顺长城景泰纯利,彭成军,景顺长城,65.86亿元,96.0,100,75.0,83.8,5,4,5,5,2.96%,优秀,3.95%,优秀,6.96%,优秀,10.92%,优秀,13.92%,优秀,27.48%,优秀,85.0,85.0,70.0,70.0,90.0
007312,方正富邦添利纯债,牛伟松,方正富邦,0.00亿元,92.0,80,74.0,80.0,5,3,5,5,1.93%,良好,1.81%,一般,4.83%,良好,10.59%,优秀,13.57%,优秀,19.53%,良好,80.0,80.0,75.0,75.0,55.0
005079,兴银鑫日享短债A,陶国峰,兴银,41.00亿元,92.0,58,80.5,81.69999999999999,5,5,5,4,0.81%,良好,0.93%,一般,2.69%,一般,7.03%,优秀,9.51%,优秀,17.39%,优秀,85.0,70.0,80.0,80.0,90.0
007745,长盛安逸纯债债券,王贵君,长盛,6.52亿元,92.0,56,75.5,78.49999999999999,5,3,5,5,1.65%,良好,1.71%,一般,4.11%,一般,9.53%,良好,13.46%,优秀,23.13%,优秀,75.0,75.0,75.0,75.0,80.0
008799,国金惠安利率债C,于涛,国金,10.32亿元,92.0,100,70.5,79.89999999999999,5,3,5,5,4.33%,优秀,4.75%,优秀,9.81%,优秀,15.56%,优秀,16.76%,优秀,---,,70.0,100.0,65.0,65.0,80.0
008798,国金惠安利率债A,于涛,国金,46.96亿元,96.0,100,71.0,81.4,5,4,5,5,4.35%,优秀,4.86%,优秀,10.00%,优秀,15.90%,优秀,17.22%,优秀,---,,70.0,100.0,65.0,65.0,85.0
008232,中银恒优12个月,陈玮,中银,4.44亿元,96.0,92,73.0,81.8,5,4,5,5,2.27%,良好,2.82%,良好,6.14%,优秀,10.03%,优秀,13.11%,优秀,---,,80.0,85.0,70.0,70.0,75.0
008873,国寿安保尊诚纯债,高鑫,国寿安保,22.47亿元,96.0,86,79.5,85.1,5,5,4,5,2.26%,良好,3.26%,良好,6.10%,良好,10.46%,优秀,12.62%,优秀,---,,75.0,85.0,80.0,75.0,80.0
007336,汇安嘉盛纯债债券,金鸿峰,汇安,5.08亿元,96.0,30,82.5,81.3,5,5,4,5,1.09%,不佳,1.54%,一般,3.81%,一般,9.42%,良好,13.24%,优秀,16.43%,一般,80.0,75.0,85.0,85.0,75.0
008858,华夏鼎航债券C,孙蕾,华夏,0.08亿元,92.0,78,72.5,78.89999999999999,5,3,5,5,1.31%,一般,1.64%,一般,5.22%,良好,13.26%,优秀,15.89%,优秀,---,,85.0,80.0,70.0,75.0,65.0
008206,国泰聚瑞纯债债券,魏伟,国泰,7.51亿元,96.0,86,76.0,83.0,4,5,5,5,1.75%,良好,2.19%,良好,4.78%,良好,11.25%,优秀,13.39%,优秀,---,,80.0,80.0,75.0,75.0,75.0
006970,广发景利纯债A,赵子良,广发,15.72亿元,96.0,96,72.5,81.9,5,4,5,5,1.91%,良好,2.76%,优秀,7.19%,优秀,13.09%,优秀,15.13%,优秀,24.47%,优秀,60.0,95.0,70.0,70.0,80.0
006760,国金惠盈纯债C,于涛,国金,23.24亿元,92.0,100,70.0,79.6,5,3,5,5,3.87%,优秀,2.78%,优秀,7.54%,优秀,15.54%,优秀,16.76%,优秀,25.54%,优秀,65.0,95.0,65.0,65.0,85.0
010431,招商安阳债券C,尹晓红,招商,0.57亿元,92.0,76,71.0,77.8,5,3,5,5,0.48%,不佳,3.11%,良好,10.74%,优秀,14.28%,优秀,16.92%,优秀,---,,85.0,100.0,65.0,65.0,70.0
010430,招商安阳债券A,尹晓红,招商,20.42亿元,96.0,76,72.5,79.89999999999999,5,4,5,5,0.57%,不佳,3.31%,良好,11.17%,优秀,15.17%,优秀,18.30%,优秀,---,,90.0,100.0,65.0,65.0,80.0
010011,景顺景颐招利6个,董晗,景顺长城,36.36亿元,92.0,72,68.5,75.9,5,3,5,5,0.04%,不佳,2.24%,一般,10.23%,优秀,10.98%,优秀,14.26%,优秀,---,,85.0,95.0,60.0,60.0,85.0
010012,景顺景颐招利6个,董晗,景顺长城,7.87亿元,92.0,72,67.5,75.3,5,3,5,5,-0.05%,不佳,2.04%,一般,9.79%,优秀,10.09%,优秀,12.90%,优秀,---,,80.0,95.0,60.0,60.0,80.0
010223,博时双季享持有期,李禹成,博时,3.68亿元,96.0,94,78.5,85.30000000000001,5,5,4,5,2.25%,优秀,2.68%,优秀,5.20%,良好,11.61%,优秀,14.01%,优秀,---,,75.0,80.0,80.0,75.0,75.0
010232,国寿安保泰安纯债,李谦,国寿安保,212.39亿元,92.0,100,78.5,84.7,5,5,3,5,2.19%,优秀,2.93%,优秀,6.12%,优秀,10.54%,优秀,13.31%,优秀,---,,75.0,85.0,75.0,75.0,100.0
008035,蜂巢恒利债券A,李海涛,蜂巢,4.53亿元,96.0,92,78.5,85.10000000000001,5,4,5,5,2.16%,良好,4.07%,良好,9.89%,优秀,13.33%,优秀,12.32%,优秀,---,,90.0,100.0,75.0,70.0,75.0
010353,南方崇元纯债A,杜才超,南方,34.54亿元,96.0,96,70.0,80.4,5,4,5,5,2.25%,优秀,2.29%,良好,5.98%,优秀,14.26%,优秀,15.02%,优秀,---,,70.0,85.0,65.0,70.0,85.0
010354,南方崇元纯债C,杜才超,南方,5.17亿元,92.0,96,68.0,78.0,5,3,5,5,2.13%,优秀,2.08%,良好,5.54%,优秀,13.33%,优秀,13.62%,优秀,---,,65.0,80.0,65.0,70.0,75.0
970024,华安证券聚赢一年,樊艳,华安证券资管,0.50亿元,92.0,42,83.0,81.6,3,5,5,5,1.04%,不佳,1.68%,一般,4.48%,一般,12.45%,优秀,15.16%,优秀,---,,95.0,75.0,85.0,80.0,70.0
011489,创金合信双季享6,王一兵,创金合信,98.83亿元,92.0,27,85.0,81.3,3,5,5,5,0.72%,不佳,0.87%,不佳,3.43%,不佳,9.20%,良好,13.68%,优秀,---,,85.0,75.0,85.0,80.0,100.0
485007,工银添利债券B,谷衡,工银,1.83亿元,92.0,64,71.5,76.9,5,3,5,5,2.12%,良好,3.06%,良好,5.36%,良好,6.28%,不佳,9.40%,良好,18.92%,一般,80.0,75.0,70.0,65.0,75.0
004062,华夏鼎隆债券C,孙蕾,华夏,0.07亿元,92.0,78,79.5,83.1,5,3,5,5,1.34%,一般,1.72%,一般,5.16%,良好,10.78%,优秀,13.84%,优秀,20.74%,优秀,90.0,80.0,80.0,80.0,65.0
007408,鹏扬淳开债券A,王黎骁,鹏扬,24.68亿元,96.0,100,81.0,87.4,5,5,4,5,2.17%,优秀,3.07%,优秀,6.67%,优秀,10.51%,优秀,13.95%,优秀,23.38%,优秀,80.0,90.0,80.0,75.0,85.0
000032,易方达信用债债券,纪玲云,易方达,91.26亿元,88.00000000000001,96,75.0,81.0,5,4,5,4,2.22%,优秀,2.41%,良好,5.57%,优秀,11.27%,优秀,12.74%,优秀,21.53%,优秀,70.0,85.0,70.0,75.0,100.0
000116,嘉实丰益纯债定期,程剑,嘉实,24.94亿元,76.0,100,73.5,76.9,3,5,5,3,2.16%,优秀,2.59%,优秀,6.19%,优秀,14.59%,优秀,16.50%,优秀,21.57%,优秀,80.0,85.0,70.0,70.0,80.0
217011,招商安心收益债券,马龙,招商,40.99亿元,80.0,36,76.5,73.5,5,5,4,3,1.16%,一般,1.26%,不佳,3.33%,不佳,8.43%,良好,10.10%,良好,20.84%,良好,75.0,70.0,75.0,80.0,90.0
590009,中邮稳定收益债券,闫宜乘,中邮,71.84亿元,92.0,86,77.0,82.39999999999999,5,4,4,5,1.97%,良好,2.70%,良好,5.84%,良好,11.16%,优秀,12.48%,优秀,22.08%,优秀,80.0,80.0,75.0,70.0,90.0
750002,安信目标收益债券,张翼飞,安信,38.97亿元,88.00000000000001,100,69.0,77.8,5,3,4,5,3.41%,优秀,7.16%,优秀,10.23%,优秀,12.77%,优秀,13.86%,优秀,31.36%,优秀,90.0,95.0,60.0,60.0,85.0
750003,安信目标收益债券,张翼飞,安信,22.18亿元,88.00000000000001,100,68.5,77.5,5,3,4,5,3.31%,优秀,6.95%,优秀,9.79%,优秀,11.85%,优秀,12.49%,优秀,28.68%,优秀,90.0,95.0,60.0,60.0,80.0
270045,广发双债添利债券,代宇,广发,38.85亿元,88.00000000000001,80,70.5,76.7,4,3,5,5,2.07%,良好,1.75%,一般,5.46%,良好,11.53%,优秀,14.03%,优秀,19.47%,良好,70.0,80.0,65.0,70.0,95.0
217024,招商安盈债券A,尹晓红,招商,48.76亿元,92.0,54,71.5,75.9,4,4,5,5,-0.18%,不佳,1.62%,不佳,8.20%,良好,10.84%,优秀,12.28%,优秀,30.16%,优秀,80.0,90.0,65.0,65.0,90.0
630003,华商收益增强债券,张永志,华商,2.60亿元,76.0,68,58.5,64.7,3,1,5,5,4.28%,优秀,4.58%,优秀,3.98%,一般,12.12%,优秀,10.17%,良好,25.39%,优秀,60.0,60.0,55.0,60.0,75.0
110018,易方达增强回报债,王晓晨,易方达,73.11亿元,88.00000000000001,70,73.0,77.2,4,3,5,5,0.60%,不佳,2.16%,一般,9.77%,优秀,10.37%,优秀,9.64%,良好,30.28%,优秀,90.0,95.0,65.0,65.0,90.0
000104,华宸未来稳健添利,王斌,华宸未来,1.36亿元,88.00000000000001,40,82.5,79.9,5,5,4,4,1.08%,不佳,1.45%,一般,4.11%,一般,9.53%,优秀,11.67%,优秀,19.87%,良好,90.0,75.0,85.0,80.0,70.0
519973,长信纯债一年定开,刘婧,长信,15.37亿元,76.0,96,68.5,73.5,3,5,5,3,2.48%,优秀,2.61%,良好,5.85%,优秀,11.36%,优秀,16.38%,优秀,27.13%,优秀,0.0,85.0,75.0,70.0,80.0
000546,兴业定开债A,周鸣,兴业,29.33亿元,76.0,100,79.5,80.5,3,5,5,3,3.35%,优秀,3.43%,优秀,6.85%,优秀,12.32%,优秀,14.10%,优秀,25.59%,优秀,70.0,90.0,80.0,70.0,85.0
162299,宏利集利债券C,李宇璐,宏利,3.89亿元,88.00000000000001,90,70.5,77.7,4,3,5,5,2.15%,良好,3.28%,良好,10.11%,优秀,7.56%,优秀,9.15%,优秀,20.15%,良好,80.0,95.0,65.0,65.0,75.0
040026,华安信用四季红债,魏媛媛,华安,8.78亿元,76.0,40,74.5,71.5,5,5,3,3,1.78%,一般,1.82%,一般,4.57%,一般,8.37%,良好,10.45%,良好,17.68%,一般,65.0,75.0,75.0,75.0,80.0
005637,国联聚业定期开放,朱柏蓉,国联,21.13亿元,76.0,66,74.5,74.1,3,5,5,3,1.35%,一般,1.38%,不佳,5.64%,良好,16.25%,优秀,19.35%,优秀,31.58%,优秀,90.0,85.0,70.0,70.0,80.0
000801,中金纯债A,石玉,中金,6.82亿元,88.00000000000001,40,76.0,76.0,5,5,4,4,1.25%,一般,1.41%,一般,3.99%,一般,9.25%,良好,11.09%,良好,17.86%,一般,80.0,75.0,75.0,80.0,75.0
460003,华泰柏瑞稳本增利,王烨斌,华泰柏瑞,0.20亿元,84.00000000000001,18,64.5,65.7,5,3,5,4,-0.90%,不佳,0.27%,不佳,1.88%,不佳,2.22%,一般,7.49%,优秀,19.13%,良好,55.0,65.0,65.0,65.0,70.0
000033,易方达信用债债券,纪玲云,易方达,69.45亿元,84.00000000000001,82,73.0,77.2,5,3,5,4,2.12%,良好,2.21%,良好,5.16%,良好,10.38%,优秀,11.40%,良好,19.18%,良好,65.0,80.0,70.0,75.0,90.0
161614,融通四季添利债券,王超,融通,2.96亿元,88.00000000000001,20,73.5,72.5,5,3,4,5,0.74%,不佳,0.87%,不佳,2.63%,不佳,6.95%,一般,16.19%,优秀,23.85%,优秀,65.0,65.0,75.0,80.0,75.0
000037,广发景宁债券A,宋倩倩,广发,83.02亿元,88.00000000000001,54,78.0,78.60000000000001,5,4,5,4,1.33%,一般,1.50%,一般,4.35%,一般,10.25%,优秀,12.07%,优秀,---,,80.0,75.0,75.0,75.0,100.0
002519,博时裕景纯债债券,王惟,博时,2.00亿元,84.00000000000001,44,78.0,76.4,5,3,3,5,1.06%,一般,1.40%,一般,3.57%,一般,7.65%,一般,13.97%,优秀,20.38%,优秀,75.0,70.0,80.0,80.0,75.0
161603,融通债券A/B,王超,融通,10.18亿元,88.00000000000001,52,72.0,74.8,5,4,3,5,1.17%,一般,1.69%,一般,4.23%,一般,9.50%,良好,13.27%,优秀,21.02%,优秀,70.0,75.0,70.0,75.0,80.0
002569,博时裕弘纯债债券,王惟,博时,17.25亿元,80.0,100,78.0,80.8,5,5,4,3,2.93%,优秀,3.76%,优秀,9.56%,优秀,16.16%,优秀,18.36%,优秀,27.44%,优秀,80.0,100.0,75.0,70.0,80.0
002929,博时聚盈纯债债券,张磊,博时,13.38亿元,88.00000000000001,54,79.5,79.5,4,5,5,4,1.39%,一般,1.71%,一般,4.04%,一般,9.90%,优秀,12.63%,优秀,22.45%,优秀,80.0,75.0,80.0,80.0,80.0
002139,泓德裕泰债券C,赵端端,泓德,5.29亿元,88.00000000000001,64,73.0,76.60000000000001,4,3,5,5,2.26%,优秀,3.14%,良好,5.68%,一般,11.16%,优秀,16.38%,优秀,19.40%,良好,95.0,80.0,70.0,70.0,65.0
002795,平安惠盈纯债A,张恒,平安,11.48亿元,80.0,38,72.0,70.99999999999999,5,4,5,3,1.49%,一般,1.32%,不佳,4.20%,一般,10.04%,优秀,11.30%,良好,20.54%,良好,75.0,75.0,70.0,70.0,80.0
002404,博时裕乾纯债债券,何平,博时,39.79亿元,88.00000000000001,96,81.0,84.6,5,3,4,5,1.96%,良好,3.54%,优秀,9.06%,优秀,12.93%,优秀,14.67%,优秀,21.73%,优秀,85.0,95.0,80.0,70.0,80.0
003207,博时富发纯债债券,李禹成,博时,6.54亿元,80.0,100,79.0,81.4,5,5,4,3,2.42%,优秀,3.14%,优秀,6.13%,优秀,11.86%,优秀,14.22%,优秀,22.15%,优秀,75.0,85.0,80.0,75.0,75.0
001961,博时裕荣纯债债券,郭思洁,博时,3.51亿元,80.0,98,84.5,84.49999999999999,5,5,2,4,2.15%,优秀,3.81%,优秀,6.63%,优秀,10.70%,优秀,12.61%,优秀,20.22%,良好,95.0,90.0,85.0,75.0,75.0
200009,长城稳健增利债券,魏建,长城,18.45亿元,88.00000000000001,44,68.5,71.9,5,4,5,4,1.90%,良好,0.64%,不佳,3.85%,不佳,10.29%,优秀,12.04%,优秀,20.80%,良好,70.0,75.0,65.0,70.0,80.0
000271,中邮定开债券A,张悦,中邮,4.79亿元,76.0,46,64.5,66.1,3,5,5,3,1.89%,良好,1.34%,不佳,4.42%,一般,11.01%,优秀,13.09%,优秀,22.03%,优秀,0.0,75.0,70.0,75.0,75.0
519136,海富通瑞丰债券型,刘田,海富通,2.70亿元,80.0,56,82.5,79.1,5,4,5,3,2.00%,良好,2.75%,一般,4.71%,一般,8.69%,优秀,11.08%,优秀,20.33%,良好,80.0,80.0,85.0,80.0,75.0
420102,天弘永利债券B,姜晓丽,天弘,142.61亿元,84.00000000000001,84,72.0,76.80000000000001,3,5,5,4,1.42%,良好,3.71%,良好,7.41%,良好,5.55%,良好,6.45%,优秀,34.80%,优秀,80.0,85.0,65.0,65.0,100.0
519944,长信富安纯债18,冯彬,长信,0.79亿元,76.0,28,81.0,74.2,5,3,5,3,0.65%,不佳,1.04%,不佳,2.83%,不佳,8.76%,良好,14.55%,优秀,27.05%,优秀,75.0,70.0,85.0,85.0,70.0
003521,万家1-3年政金,段博卿,万家,0.86亿元,88.00000000000001,52,80.5,79.9,5,3,4,5,1.53%,一般,2.17%,良好,4.72%,良好,8.04%,一般,10.29%,一般,18.13%,一般,70.0,80.0,85.0,80.0,65.0
003824,天弘信利债券A,尹粒宇,天弘,39.47亿元,92.0,96,71.5,80.1,5,4,4,5,2.01%,良好,2.29%,优秀,5.09%,优秀,10.38%,优秀,13.07%,优秀,22.31%,优秀,60.0,80.0,70.0,70.0,85.0
003520,万家1-3年政金,段博卿,万家,4.19亿元,88.00000000000001,68,82.0,82.39999999999999,5,3,4,5,1.58%,一般,2.27%,良好,4.93%,良好,8.44%,一般,10.94%,良好,19.31%,良好,75.0,80.0,85.0,80.0,75.0
002925,广发集源债券A,刘志辉,广发,53.91亿元,84.00000000000001,42,67.0,69.60000000000001,3,3,5,5,-0.32%,不佳,3.07%,一般,4.71%,一般,8.01%,优秀,8.95%,优秀,22.54%,优秀,85.0,70.0,60.0,60.0,95.0
100058,富国产业债券A,武磊,富国,33.44亿元,88.00000000000001,84,77.5,81.30000000000001,5,5,4,4,2.38%,良好,3.02%,良好,4.91%,良好,9.70%,优秀,11.67%,优秀,21.33%,良好,85.0,80.0,75.0,75.0,85.0
003401,工银可转债债券,黄诗原,工银,49.51亿元,88.00000000000001,98,61.5,73.1,5,5,4,4,5.21%,优秀,7.94%,优秀,22.21%,优秀,29.13%,优秀,5.80%,良好,34.37%,优秀,80.0,100.0,50.0,50.0,85.0
003650,融通通润债券,李皓,融通,8.62亿元,80.0,56,75.5,74.89999999999999,5,4,5,3,1.87%,良好,2.14%,一般,4.78%,一般,9.14%,优秀,10.37%,优秀,17.96%,良好,70.0,80.0,75.0,75.0,80.0
003424,江信洪福纯债,马超然,江信,7.40亿元,84.00000000000001,32,71.5,71.3,3,5,5,4,1.36%,一般,1.36%,不佳,3.60%,不佳,8.56%,一般,12.72%,优秀,22.43%,优秀,70.0,70.0,70.0,80.0,75.0
004322,创金合信尊隆纯债,郑振源,创金合信,5.25亿元,88.00000000000001,48,76.0,76.8,5,5,4,4,1.37%,一般,1.69%,一般,4.11%,一般,9.53%,良好,11.36%,良好,20.51%,良好,80.0,75.0,75.0,80.0,75.0
519947,长信利保债券A,冯彬,长信,1.50亿元,88.00000000000001,90,82.0,84.6,5,3,4,5,0.70%,一般,7.07%,优秀,9.43%,优秀,11.82%,优秀,13.86%,优秀,18.60%,良好,80.0,100.0,85.0,65.0,65.0
003859,招商招旭纯债A,郭敏,招商,35.44亿元,84.00000000000001,86,73.5,77.9,3,5,5,4,1.99%,良好,2.18%,良好,4.69%,良好,10.55%,优秀,12.29%,优秀,23.57%,优秀,75.0,80.0,70.0,75.0,85.0
003864,招商招祥纯债C,王梓林,招商,53.48亿元,88.00000000000001,86,77.5,81.5,4,3,5,5,1.91%,良好,2.22%,良好,4.96%,良好,10.99%,优秀,13.23%,优秀,---,,80.0,80.0,75.0,75.0,90.0
110017,易方达增强回报债,王晓晨,易方达,200.25亿元,92.0,74,77.5,81.5,4,4,5,5,0.59%,不佳,2.28%,良好,10.13%,优秀,11.13%,优秀,10.89%,良好,32.78%,优秀,90.0,100.0,70.0,65.0,100.0
004459,鑫元瑞利定期开放,俞敏超,鑫元,11.51亿元,76.0,78,74.5,75.3,3,5,5,3,1.36%,一般,1.52%,一般,5.19%,良好,12.47%,优秀,14.67%,优秀,29.98%,优秀,85.0,85.0,70.0,75.0,80.0
004031,鑫元添利三个月定,郭卉,鑫元,16.84亿元,76.0,84,74.0,75.60000000000001,3,5,5,3,2.13%,良好,2.44%,良好,5.61%,良好,11.38%,优秀,13.40%,优秀,19.99%,良好,80.0,85.0,70.0,75.0,80.0
004438,鹏华永安定期开放,邓明明,鹏华,4.53亿元,76.0,96,79.5,80.1,3,5,5,3,1.93%,良好,2.76%,优秀,5.49%,优秀,12.15%,优秀,14.02%,优秀,25.51%,优秀,80.0,80.0,80.0,80.0,75.0
000186,华泰柏瑞季季红债,罗远航,华泰柏瑞,65.74亿元,88.00000000000001,50,74.5,76.1,5,4,5,4,1.46%,一般,1.59%,一般,4.56%,一般,9.36%,良好,11.25%,优秀,19.82%,良好,75.0,80.0,70.0,75.0,95.0
003703,博时富鑫纯债A,张李陵,博时,46.11亿元,88.00000000000001,86,77.0,81.19999999999999,5,5,4,4,1.80%,良好,2.04%,良好,4.88%,良好,10.89%,优秀,12.91%,优秀,20.93%,优秀,80.0,80.0,75.0,75.0,85.0
004043,华夏鼎茂债券C,刘明宇,华夏,59.19亿元,88.00000000000001,100,74.0,80.8,4,3,5,5,2.94%,优秀,3.57%,优秀,7.25%,优秀,14.22%,优秀,14.72%,优秀,23.37%,优秀,70.0,90.0,70.0,70.0,90.0
000583,江信聚福定开债,马超然,江信,2.74亿元,76.0,76,71.5,73.3,3,5,5,3,1.33%,一般,1.47%,一般,5.16%,良好,9.53%,良好,15.22%,优秀,24.98%,优秀,70.0,80.0,70.0,70.0,75.0
000212,泰信鑫益定期开放,李俊江,泰信,5.45亿元,76.0,40,74.0,71.2,3,5,5,3,1.27%,一般,1.38%,不佳,3.12%,不佳,8.92%,良好,14.06%,优秀,24.86%,优秀,0.0,70.0,85.0,85.0,75.0
040022,华安可转债债券A,周益鸣,华安,40.37亿元,84.00000000000001,98,65.0,74.0,2,5,4,5,4.21%,优秀,12.48%,优秀,16.84%,优秀,4.78%,良好,6.87%,优秀,44.17%,优秀,90.0,95.0,55.0,50.0,85.0
005446,鑫元广利定开债发,徐文祥,鑫元,10.18亿元,76.0,88,74.5,76.3,3,5,5,3,1.92%,良好,1.88%,一般,6.42%,优秀,17.52%,优秀,20.25%,优秀,31.42%,优秀,85.0,90.0,70.0,70.0,80.0
005547,诺安圆鼎定开债,郭晓晖,诺安,10.38亿元,76.0,100,75.5,78.1,3,5,5,3,3.66%,优秀,3.56%,优秀,5.62%,优秀,12.74%,优秀,17.32%,优秀,30.51%,优秀,75.0,80.0,75.0,70.0,80.0
004821,国寿安保安吉纯债,吴闻,国寿安保,92.31亿元,76.0,86,81.0,80.0,3,5,5,3,2.51%,良好,2.65%,良好,5.75%,良好,12.38%,优秀,15.94%,优秀,24.55%,优秀,75.0,85.0,80.0,70.0,100.0
006061,红土创新增强收益,陈若劲,红土创新,12.43亿元,88.00000000000001,54,69.5,73.5,4,3,5,5,-0.57%,不佳,-0.61%,不佳,6.65%,良好,10.29%,优秀,9.32%,优秀,29.60%,优秀,75.0,85.0,65.0,65.0,80.0
006213,东方臻选纯债债券,刘长俊,东方,0.52亿元,84.00000000000001,66,84.0,82.19999999999999,5,3,3,5,1.08%,不佳,1.51%,一般,4.91%,良好,12.94%,优秀,17.55%,优秀,39.49%,优秀,100.0,80.0,85.0,80.0,70.0
006150,招商添利两年债券,李家辉,招商,5.68亿元,76.0,54,82.0,77.4,3,5,5,3,1.78%,一般,2.10%,一般,4.69%,一般,12.68%,优秀,19.77%,优秀,42.24%,优秀,75.0,80.0,85.0,80.0,75.0
005455,建信睿丰纯债定期,李峰,建信,30.83亿元,76.0,52,76.5,73.9,3,5,5,3,1.50%,一般,1.67%,一般,4.20%,一般,9.67%,优秀,12.39%,优秀,21.44%,良好,75.0,75.0,75.0,80.0,85.0
006064,红土创新增强收益,陈若劲,红土创新,0.71亿元,88.00000000000001,30,68.5,70.5,4,3,5,5,-0.64%,不佳,-0.73%,不佳,6.40%,一般,9.90%,优秀,8.87%,优秀,29.21%,优秀,75.0,85.0,65.0,65.0,70.0
004940,中加聚鑫纯债一年,袁素,中加,1.35亿元,76.0,86,71.0,74.0,3,5,5,3,2.09%,良好,2.97%,良好,5.59%,良好,11.20%,优秀,14.45%,优秀,27.46%,优秀,0.0,85.0,80.0,75.0,70.0
005705,永赢恒益债券,章成,永赢,47.02亿元,92.0,100,74.0,82.0,5,4,4,5,2.48%,优秀,3.64%,优秀,7.08%,优秀,11.19%,优秀,13.85%,优秀,23.00%,优秀,70.0,90.0,70.0,70.0,90.0
005828,长江乐越定开债,陆威,长江证券(上海)资管,6.89亿元,76.0,78,75.5,75.89999999999999,3,5,5,3,1.75%,一般,1.54%,一般,5.09%,良好,12.34%,优秀,15.12%,优秀,25.25%,优秀,75.0,80.0,75.0,75.0,75.0
006287,永赢盛益债券A,章成,永赢,77.90亿元,92.0,100,74.0,82.0,5,4,4,5,2.32%,优秀,3.30%,优秀,7.10%,优秀,11.10%,优秀,13.73%,优秀,23.00%,优秀,70.0,90.0,70.0,70.0,90.0
005448,诺安联创顺鑫A,周建树,诺安,10.64亿元,88.00000000000001,100,74.0,80.8,5,4,3,5,3.24%,优秀,3.58%,优秀,6.68%,优秀,11.98%,优秀,14.45%,优秀,21.62%,优秀,85.0,85.0,70.0,70.0,80.0
002644,大成景荣债券A,朱浩然,大成,16.23亿元,88.00000000000001,46,72.0,74.19999999999999,5,4,5,4,1.84%,良好,1.45%,不佳,4.34%,不佳,9.93%,优秀,11.09%,优秀,22.54%,优秀,70.0,75.0,70.0,75.0,80.0
006135,长江乐鑫定开债,漆志伟,长江证券(上海)资管,13.08亿元,76.0,82,76.5,76.9,3,5,5,3,1.68%,良好,1.87%,一般,4.75%,良好,11.88%,优秀,13.71%,优秀,23.23%,优秀,80.0,80.0,75.0,75.0,80.0
005684,财通资管鸿睿12,陈希希,财通资管,9.14亿元,76.0,60,80.5,77.1,3,5,5,3,2.28%,良好,2.83%,良好,4.15%,一般,8.30%,良好,13.86%,优秀,27.32%,优秀,100.0,70.0,80.0,70.0,85.0
005779,鑫元常利定开债,曹建华,鑫元,10.00亿元,76.0,54,86.0,79.80000000000001,3,5,5,3,0.51%,不佳,1.06%,不佳,5.01%,良好,11.07%,优秀,13.86%,优秀,23.86%,优秀,95.0,80.0,90.0,75.0,70.0
006936,华安安盛3个月定,康钊,华安,11.58亿元,84.00000000000001,92,76.5,80.3,3,5,5,4,2.04%,良好,2.46%,良好,5.57%,优秀,10.77%,优秀,13.04%,优秀,21.62%,优秀,75.0,85.0,75.0,75.0,80.0
006174,长信稳裕三个月定,冯彬,长信,19.45亿元,76.0,100,81.5,81.7,3,5,5,3,2.87%,优秀,3.49%,优秀,6.25%,优秀,12.92%,优秀,17.09%,优秀,31.56%,优秀,100.0,85.0,80.0,70.0,80.0
001868,招商产业债券C,马龙,招商,9.69亿元,76.0,36,75.5,71.69999999999999,5,3,5,3,1.16%,一般,1.14%,不佳,3.21%,不佳,8.15%,良好,9.94%,良好,20.86%,良好,75.0,70.0,75.0,80.0,80.0
006596,国泰聚禾纯债债券,魏伟,国泰,24.16亿元,92.0,82,77.5,82.3,4,5,4,5,1.67%,良好,1.92%,一般,4.98%,良好,10.28%,优秀,13.36%,优秀,21.42%,优秀,85.0,80.0,75.0,75.0,85.0
006645,银华安丰中短期政,龚美若,银华,63.84亿元,88.00000000000001,100,76.5,82.3,5,3,4,5,2.25%,优秀,3.00%,优秀,5.90%,优秀,9.72%,优秀,11.98%,优秀,18.98%,优秀,70.0,85.0,75.0,75.0,85.0
006708,永赢宏益债券C,谢越,永赢,0.00亿元,88.00000000000001,78,75.0,79.2,5,3,4,5,1.27%,一般,1.48%,一般,4.54%,良好,9.82%,优秀,13.43%,优秀,26.51%,优秀,85.0,80.0,75.0,80.0,55.0
006989,建信中短债纯债债,李峰,建信,84.30亿元,84.00000000000001,96,80.5,83.1,5,3,5,4,0.98%,良好,1.21%,优秀,3.23%,优秀,7.91%,优秀,10.01%,优秀,18.98%,优秀,75.0,70.0,80.0,80.0,100.0
006929,博时富融纯债债券,王帅,博时,10.31亿元,88.00000000000001,30,80.5,77.7,4,5,5,4,1.02%,不佳,1.36%,不佳,3.91%,一般,9.87%,优秀,12.21%,优秀,21.77%,优秀,90.0,75.0,80.0,80.0,80.0
006965,财通安瑞短债债券,罗晓倩,财通,92.69亿元,80.0,18,83.5,75.89999999999999,5,5,4,3,0.61%,不佳,0.78%,不佳,2.23%,不佳,6.10%,一般,8.77%,良好,17.40%,优秀,85.0,65.0,85.0,85.0,90.0
006985,兴全恒裕债券A,王帅,兴证全球,61.45亿元,88.00000000000001,56,82.0,81.19999999999999,5,5,4,4,1.55%,一般,1.88%,良好,4.02%,一般,9.46%,优秀,11.95%,优秀,18.90%,良好,95.0,75.0,80.0,80.0,90.0
006824,创金合信鑫日享短,谢创,创金合信,33.81亿元,76.0,26,83.5,75.5,5,3,5,3,0.57%,不佳,0.80%,不佳,2.51%,一般,6.35%,良好,8.92%,良好,17.89%,优秀,85.0,65.0,85.0,90.0,85.0
006626,山西证券超短债A,刘凌云,山西证券,33.13亿元,80.0,32,83.5,77.3,5,4,5,3,0.63%,不佳,0.91%,一般,2.28%,不佳,6.12%,一般,9.27%,优秀,18.32%,优秀,85.0,60.0,85.0,90.0,90.0
007025,南方鑫利3个月定,刘骥,南方,11.99亿元,76.0,86,78.5,78.5,3,5,5,3,1.64%,良好,2.21%,良好,4.62%,良好,10.05%,优秀,12.91%,优秀,20.56%,优秀,70.0,80.0,80.0,75.0,80.0
006892,新华鼎利债券C,李晓然,新华,0.23亿元,76.0,32,74.0,70.4,5,3,5,3,1.22%,一般,1.31%,不佳,3.90%,不佳,6.94%,优秀,10.15%,优秀,9.53%,一般,75.0,75.0,75.0,75.0,65.0
007061,中加聚盈四个月定,邹天培,中加,5.17亿元,76.0,56,74.0,72.8,3,5,5,3,2.52%,良好,1.60%,一般,3.91%,一般,8.96%,良好,12.28%,优秀,25.41%,优秀,100.0,75.0,70.0,70.0,75.0
006829,鹏扬利沣短债A,陈钟闻,鹏扬,52.20亿元,88.00000000000001,38,86.0,81.8,5,5,4,4,0.57%,不佳,1.00%,一般,2.62%,一般,6.56%,良好,9.73%,优秀,16.21%,良好,85.0,65.0,90.0,85.0,85.0
007829,创金合信信用红利,郑振源,创金合信,2.76亿元,84.00000000000001,26,76.0,73.4,5,3,5,4,1.13%,不佳,0.90%,不佳,3.86%,一般,8.44%,良好,10.87%,良好,23.73%,优秀,80.0,75.0,75.0,80.0,75.0
007168,华安安和债券C,康钊,华安,0.01亿元,84.00000000000001,30,75.5,73.5,5,3,5,4,0.99%,不佳,1.00%,不佳,3.90%,一般,10.11%,优秀,12.55%,优秀,21.27%,优秀,85.0,75.0,75.0,80.0,65.0
007212,山西证券裕泰3个,蓝烨,山西证券,12.81亿元,76.0,74,70.5,72.5,3,5,5,3,2.08%,优秀,1.10%,不佳,4.78%,良好,13.23%,优秀,17.16%,优秀,27.33%,优秀,55.0,80.0,70.0,70.0,80.0
007008,中邮纯债优选一年,闫宜乘,中邮,6.58亿元,76.0,86,67.5,71.89999999999999,3,5,5,3,2.64%,优秀,1.97%,一般,5.38%,良好,12.96%,优秀,14.36%,优秀,24.61%,优秀,0.0,80.0,75.0,70.0,75.0
007145,泰康安和纯债6个,经惠云,泰康,33.22亿元,76.0,92,74.5,76.7,3,5,5,3,1.86%,良好,2.10%,良好,5.53%,优秀,11.55%,优秀,13.29%,优秀,23.12%,优秀,50.0,85.0,75.0,75.0,85.0
007175,国联聚通定期开放,王玥,国联,6.90亿元,76.0,92,77.0,78.2,3,5,5,3,1.71%,良好,1.91%,良好,5.86%,优秀,11.93%,优秀,14.44%,优秀,24.15%,优秀,85.0,85.0,75.0,75.0,75.0
007529,嘉实汇鑫中短债A,王立芹,嘉实,148.33亿元,88.00000000000001,98,81.0,84.8,3,4,5,5,0.99%,优秀,1.30%,优秀,3.35%,优秀,8.34%,优秀,11.11%,优秀,15.04%,良好,80.0,70.0,80.0,80.0,100.0
006032,创金合信汇泽三个,郑振源,创金合信,15.94亿元,76.0,78,79.0,78.0,3,5,5,3,1.48%,一般,1.97%,一般,4.55%,良好,9.95%,优秀,13.29%,优秀,22.18%,优秀,75.0,75.0,80.0,80.0,80.0
007492,上银政策性金融债,陈芳菲,上银,102.18亿元,92.0,100,74.0,82.0,5,4,4,5,3.61%,优秀,5.09%,优秀,10.13%,优秀,15.06%,优秀,16.96%,优秀,26.24%,优秀,60.0,100.0,70.0,65.0,95.0
004647,新华鼎利债券A,李晓然,新华,11.05亿元,88.00000000000001,36,76.0,75.6,5,4,5,4,1.33%,良好,1.52%,不佳,4.33%,不佳,7.81%,优秀,11.51%,优秀,11.88%,一般,80.0,75.0,75.0,75.0,80.0
007195,长城短债C,邹德立,长城,44.99亿元,84.00000000000001,96,74.5,79.5,3,3,5,5,1.48%,优秀,1.18%,良好,3.72%,优秀,9.41%,优秀,11.02%,优秀,17.71%,优秀,80.0,75.0,70.0,75.0,95.0
007859,平安5-10年期,刘晓兰,平安,6.64亿元,92.0,100,70.0,79.6,4,4,5,5,6.44%,优秀,6.68%,优秀,10.84%,优秀,16.36%,优秀,18.19%,优秀,29.15%,优秀,70.0,100.0,65.0,65.0,75.0
008031,创金合信汇嘉三个,郑振源,创金合信,34.86亿元,76.0,90,76.5,77.7,3,5,5,3,1.84%,良好,2.13%,良好,5.09%,优秀,10.54%,优秀,12.97%,优秀,20.06%,良好,75.0,80.0,75.0,75.0,85.0
006147,宝盈融源可转债债,邓栋,宝盈,0.60亿元,76.0,70,57.0,64.0,5,5,3,3,8.49%,优秀,1.90%,一般,18.47%,优秀,-3.60%,不佳,3.88%,良好,8.73%,不佳,75.0,75.0,50.0,50.0,70.0
008678,财通兴利纯债12,张婉玉,财通,9.51亿元,76.0,88,75.0,76.6,3,5,5,3,1.90%,良好,1.67%,一般,6.40%,优秀,15.76%,优秀,18.42%,优秀,24.64%,优秀,60.0,85.0,75.0,75.0,80.0
008654,诺德汇盈一年定开,赵滔滔,诺德,7.51亿元,76.0,88,68.5,72.7,3,5,5,3,1.93%,良好,1.94%,一般,5.82%,优秀,13.27%,优秀,16.15%,优秀,---,,0.0,85.0,75.0,75.0,75.0
008176,长信利保债券C,冯彬,长信,27.35亿元,88.00000000000001,90,83.0,85.2,5,3,4,5,0.69%,一般,7.07%,优秀,9.42%,优秀,11.79%,优秀,13.81%,优秀,18.51%,良好,80.0,100.0,85.0,65.0,75.0
008204,交银稳利中短债债,黄莹洁,交银,174.16亿元,84.00000000000001,92,82.0,83.60000000000001,5,3,5,4,0.93%,良好,1.15%,良好,3.21%,优秀,8.52%,优秀,10.11%,优秀,19.30%,优秀,85.0,70.0,80.0,85.0,100.0
008108,国联安短债债券A,万莉,国联安,38.52亿元,80.0,28,87.0,78.99999999999999,5,4,5,3,0.60%,不佳,0.94%,一般,2.39%,不佳,6.18%,一般,8.86%,良好,16.07%,良好,90.0,65.0,90.0,90.0,85.0
900019,中信证券六个月滚,李天颖,中信证券资产管理,12.60亿元,92.0,92,79.5,84.5,5,4,4,5,0.95%,良好,1.12%,良好,4.08%,优秀,8.67%,优秀,11.06%,优秀,19.20%,优秀,80.0,75.0,80.0,80.0,80.0
007941,恒生前海恒扬纯债,李维康,恒生前海,10.19亿元,84.00000000000001,48,79.5,77.7,5,5,3,4,1.44%,一般,1.96%,良好,3.70%,一般,8.42%,一般,12.23%,优秀,21.58%,优秀,85.0,70.0,80.0,80.0,80.0
008579,东海祥苏短债C,邢烨,东海,3.93亿元,84.00000000000001,43,89.5,83.2,5,3,5,4,0.49%,不佳,1.19%,良好,2.50%,一般,6.59%,良好,10.16%,优秀,---,,95.0,65.0,95.0,90.0,75.0
009050,易方达恒裕一年定,纪玲云,易方达,48.28亿元,76.0,100,75.0,77.8,3,5,5,3,2.44%,优秀,2.54%,优秀,6.40%,优秀,13.04%,优秀,14.17%,优秀,---,,80.0,90.0,70.0,70.0,90.0
008207,国泰合融纯债债券,刘嵩扬,国泰,92.30亿元,88.00000000000001,54,78.5,78.9,4,5,5,4,1.36%,一般,1.58%,一般,4.03%,一般,9.94%,优秀,12.43%,优秀,21.77%,优秀,80.0,75.0,75.0,80.0,100.0
008369,蜂巢丰鑫一年定开,廖新昌,蜂巢,15.63亿元,76.0,42,76.5,72.9,3,5,5,3,1.37%,一般,1.35%,不佳,4.05%,一般,11.45%,优秀,16.03%,优秀,---,,50.0,75.0,80.0,80.0,80.0
008109,国联安短债债券C,万莉,国联安,13.34亿元,76.0,16,86.0,76.0,5,3,5,3,0.56%,不佳,0.88%,不佳,2.24%,不佳,5.87%,一般,8.39%,良好,14.89%,良好,85.0,65.0,90.0,90.0,80.0
008331,万家可转债债券A,董一平,万家,0.57亿元,84.00000000000001,70,60.0,68.2,5,5,3,4,3.82%,优秀,8.09%,优秀,10.95%,优秀,0.66%,不佳,-1.62%,不佳,---,,80.0,65.0,55.0,55.0,70.0
009045,浦银安盛盛智一年,曹治国,浦银,10.50亿元,76.0,100,84.5,83.5,3,5,5,3,2.18%,优秀,3.02%,优秀,7.06%,优秀,13.68%,优秀,15.31%,优秀,---,,90.0,90.0,85.0,75.0,80.0
009267,广发双债添利债券,代宇,广发,38.80亿元,88.00000000000001,82,72.0,77.8,4,3,5,5,2.26%,良好,1.74%,一般,5.67%,良好,12.09%,优秀,14.95%,优秀,---,,75.0,85.0,65.0,70.0,100.0
009311,创金合信鑫日享短,谢创,创金合信,46.05亿元,76.0,12,83.5,74.10000000000001,5,3,5,3,0.52%,不佳,0.71%,不佳,2.35%,不佳,6.02%,一般,8.42%,良好,---,,80.0,65.0,85.0,90.0,90.0
009605,安信永顺一年定开,祝璐琛,安信,20.89亿元,76.0,30,81.0,74.4,3,5,5,3,0.81%,不佳,1.10%,不佳,4.21%,一般,11.65%,优秀,15.02%,优秀,---,,95.0,75.0,80.0,80.0,80.0
008508,国联聚锦一年定开,石霄蒙,国联,15.38亿元,76.0,30,79.5,73.5,3,5,5,3,0.73%,不佳,0.85%,不佳,3.02%,不佳,9.48%,优秀,12.25%,优秀,---,,85.0,70.0,80.0,80.0,80.0
007611,汇安裕和纯债债券,王作舟,汇安,5.76亿元,88.00000000000001,48,76.5,77.1,4,5,5,4,1.30%,一般,1.53%,一般,4.01%,一般,9.48%,良好,11.84%,良好,---,,85.0,75.0,75.0,80.0,75.0
008791,招商安华债券A,侯杰,招商,108.31亿元,88.00000000000001,94,69.0,77.2,5,3,4,5,2.29%,优秀,5.88%,优秀,8.28%,良好,7.03%,优秀,8.15%,优秀,---,,80.0,90.0,60.0,60.0,100.0
000673,融通四季添利债券,王超,融通,1.79亿元,88.00000000000001,15,73.0,71.7,5,3,4,5,0.65%,不佳,0.70%,不佳,2.30%,不佳,6.29%,不佳,15.25%,优秀,---,,60.0,65.0,75.0,80.0,75.0
009604,国金惠盈纯债E,于涛,国金,1.51亿元,88.00000000000001,100,68.5,77.5,4,3,5,5,3.85%,优秀,2.79%,优秀,7.52%,优秀,15.45%,优秀,16.59%,优秀,---,,60.0,95.0,65.0,65.0,75.0
009617,东兴兴利债券C,司马义买买提,东兴,28.31亿元,76.0,46,79.0,74.8,5,3,5,3,1.68%,良好,1.69%,不佳,2.88%,不佳,7.27%,优秀,10.55%,优秀,---,,75.0,70.0,80.0,80.0,85.0
002337,创金合信季安鑫3,黄佳祥,创金合信,0.10亿元,76.0,0,82.0,72.0,5,5,3,3,1.08%,不佳,1.34%,不佳,2.99%,不佳,6.90%,不佳,9.63%,一般,16.45%,不佳,85.0,70.0,85.0,85.0,70.0
008233,中银恒优12个月,陈玮,中银,0.66亿元,84.00000000000001,86,72.0,77.0,5,3,5,4,2.19%,良好,2.63%,良好,5.73%,良好,9.31%,优秀,12.02%,优秀,---,,80.0,80.0,70.0,70.0,70.0
003978,中信建投稳祥A,许健,中信建投,44.05亿元,88.00000000000001,86,76.5,80.89999999999999,5,5,4,4,2.10%,良好,2.63%,良好,5.31%,良好,11.58%,优秀,13.02%,优秀,22.51%,优秀,70.0,80.0,75.0,75.0,90.0
009771,汇安嘉汇纯债债券,金鸿峰,汇安,0.09亿元,88.00000000000001,54,73.0,75.60000000000001,4,3,5,5,1.14%,不佳,1.21%,不佳,4.75%,良好,14.57%,优秀,17.29%,优秀,---,,85.0,80.0,70.0,75.0,70.0
009456,东方稳健回报债券,刘长俊,东方,16.35亿元,88.00000000000001,82,76.5,80.5,5,3,4,5,1.66%,一般,2.25%,良好,4.97%,良好,11.45%,优秀,13.90%,优秀,---,,80.0,80.0,75.0,75.0,80.0
860035,光大阳光稳债中短,车飞,上海光大证券,10.47亿元,76.0,0,78.5,69.9,5,3,5,3,0.66%,不佳,0.89%,不佳,2.82%,不佳,6.89%,一般,9.24%,一般,---,,75.0,70.0,80.0,80.0,80.0
009403,平安惠盈纯债C,张恒,平安,0.72亿元,76.0,24,66.5,65.10000000000001,5,3,5,3,1.25%,一般,1.00%,不佳,3.64%,一般,9.13%,良好,9.91%,一般,---,,65.0,70.0,65.0,70.0,70.0
010086,中邮纯债丰利债券,武志骁,中邮,21.39亿元,88.00000000000001,58,73.0,76.0,5,5,4,4,1.81%,良好,2.01%,一般,4.41%,一般,9.77%,优秀,11.80%,优秀,---,,80.0,75.0,70.0,75.0,80.0
010226,博时双季享持有期,李禹成,博时,0.05亿元,88.00000000000001,94,77.0,82.0,5,3,4,5,2.19%,优秀,2.44%,优秀,4.87%,良好,10.91%,优秀,12.95%,优秀,---,,70.0,80.0,80.0,75.0,65.0
860050,光大阳光稳债中短,车飞,上海光大证券,4.04亿元,76.0,0,77.0,69.0,5,3,5,3,0.61%,不佳,0.79%,不佳,2.62%,不佳,6.47%,一般,8.59%,一般,---,,70.0,65.0,80.0,80.0,75.0
010145,格林中短债债券A,高洁,格林,10.38亿元,80.0,43,77.5,74.8,5,2,5,4,0.92%,良好,0.82%,不佳,2.66%,一般,7.05%,优秀,9.25%,良好,---,,70.0,65.0,80.0,80.0,80.0
007684,华商转债精选债券,张永志,华商,0.51亿元,84.00000000000001,64,55.5,64.9,5,3,3,5,3.33%,优秀,4.56%,优秀,5.56%,良好,3.33%,不佳,-3.16%,不佳,---,,75.0,55.0,50.0,55.0,70.0
007683,华商转债精选债券,张永志,华商,0.86亿元,84.00000000000001,64,55.5,64.9,5,3,3,5,3.39%,优秀,4.72%,优秀,5.86%,良好,3.94%,不佳,-2.30%,不佳,---,,75.0,55.0,50.0,55.0,70.0
009203,鹏扬稳利债券A,陶永超,鹏扬,11.85亿元,84.00000000000001,74,79.0,80.0,5,5,3,4,1.67%,一般,2.56%,优秀,5.66%,优秀,8.41%,一般,11.56%,良好,---,,80.0,80.0,80.0,75.0,75.0
009461,东方臻萃3个月定,车日楠,东方,1.75亿元,76.0,30,72.5,69.3,3,5,5,3,0.97%,不佳,0.61%,不佳,3.70%,一般,13.36%,优秀,19.01%,优秀,---,,80.0,75.0,70.0,75.0,75.0
010227,博时双季享持有期,李禹成,博时,4.53亿元,88.00000000000001,94,78.0,82.60000000000001,5,3,4,5,2.17%,优秀,2.43%,优秀,4.82%,良好,10.80%,优秀,12.78%,优秀,---,,70.0,80.0,80.0,75.0,75.0
008036,蜂巢恒利债券C,李海涛,蜂巢,8.36亿元,84.00000000000001,92,79.0,81.8,5,3,5,4,2.14%,良好,4.17%,良好,9.86%,优秀,12.84%,优秀,11.39%,优秀,---,,90.0,100.0,75.0,70.0,80.0
010804,天弘庆享债券C,彭玮,天弘,0.01亿元,76.0,62,75.5,74.3,5,3,5,3,2.14%,优秀,2.45%,一般,4.74%,不佳,8.05%,优秀,9.81%,优秀,---,,60.0,75.0,80.0,75.0,65.0
010440,诺德安鸿A,赵滔滔,诺德,3.27亿元,88.00000000000001,12,66.5,67.5,4,5,5,4,1.10%,不佳,-0.49%,不佳,2.04%,不佳,7.34%,一般,11.37%,良好,---,,60.0,65.0,65.0,70.0,80.0
010803,天弘庆享债券A,彭玮,天弘,20.65亿元,80.0,62,78.0,77.0,5,4,5,3,2.15%,优秀,2.48%,一般,4.85%,不佳,8.44%,优秀,10.31%,优秀,---,,65.0,80.0,80.0,75.0,80.0
001246,兴银长乐定开债,范泰奇,兴银,1.48亿元,76.0,62,70.0,71.0,3,5,5,3,1.95%,良好,2.45%,良好,3.65%,一般,10.16%,优秀,13.17%,优秀,25.58%,优秀,65.0,70.0,70.0,75.0,70.0
007091,东兴兴福一年定开,司马义买买提,东兴,6.22亿元,76.0,100,62.5,70.3,3,5,5,3,4.41%,优秀,3.71%,优秀,7.28%,优秀,19.90%,优秀,23.65%,优秀,30.65%,优秀,0.0,90.0,65.0,70.0,75.0
008864,鑫元中短债A,黄轩,鑫元,60.05亿元,80.0,54,84.5,80.1,5,2,5,4,0.67%,一般,0.94%,一般,2.68%,一般,7.79%,优秀,9.38%,优秀,---,,90.0,70.0,85.0,85.0,90.0
012099,华夏稳健增利滚动,张海静,华夏,3.05亿元,84.00000000000001,27,85.0,78.9,3,3,5,5,0.46%,不佳,0.77%,不佳,2.99%,不佳,5.96%,良好,8.28%,优秀,---,,80.0,70.0,90.0,85.0,75.0
011657,天弘京津冀发起债,刘嗣兴,天弘,0.07亿元,84.00000000000001,66,67.0,72.0,3,3,5,5,2.59%,优秀,2.88%,良好,5.37%,一般,9.37%,优秀,11.64%,优秀,---,,65.0,80.0,65.0,70.0,65.0
012418,平安合进1年定开,田元强,平安,3.66亿元,76.0,82,80.5,79.3,3,5,5,3,1.46%,一般,2.14%,良好,4.53%,良好,10.64%,优秀,12.65%,优秀,---,,90.0,80.0,80.0,80.0,75.0
012233,招商安盈债券C,尹晓红,招商,2.95亿元,84.00000000000001,54,69.5,72.30000000000001,3,3,5,5,-0.27%,不佳,1.95%,不佳,7.65%,良好,10.35%,优秀,11.57%,优秀,---,,80.0,85.0,65.0,65.0,75.0
011683,华夏鼎华一年定开,孙蕾,华夏,16.21亿元,76.0,100,75.0,77.8,3,5,5,3,2.51%,优秀,2.68%,优秀,7.25%,优秀,14.34%,优秀,16.81%,优秀,---,,90.0,90.0,70.0,70.0,80.0
011490,创金合信双季享6,王一兵,创金合信,30.78亿元,84.00000000000001,27,79.5,75.60000000000001,3,3,5,5,0.67%,不佳,0.69%,不佳,3.13%,不佳,8.64%,良好,12.83%,优秀,---,,80.0,70.0,80.0,80.0,85.0
005428,渤海汇金汇添益3,周珂,渤海汇金,20.04亿元,76.0,40,73.0,70.6,3,5,5,3,1.38%,一般,1.09%,不佳,3.85%,一般,10.76%,优秀,14.44%,优秀,20.41%,良好,80.0,75.0,70.0,75.0,80.0
007530,嘉实汇鑫中短债C,王立芹,嘉实,47.13亿元,84.00000000000001,76,79.5,80.5,3,3,5,5,0.94%,良好,1.20%,良好,3.14%,良好,7.91%,优秀,10.36%,优秀,13.18%,不佳,80.0,70.0,80.0,80.0,85.0
007769,东兴兴瑞一年定开,司马义买买提,东兴,15.27亿元,76.0,100,68.5,73.9,3,5,5,3,3.58%,优秀,2.80%,优秀,6.63%,优秀,19.05%,优秀,27.39%,优秀,42.78%,优秀,60.0,85.0,65.0,70.0,80.0
000552,中加纯债一年A,张楠,中加,5.23亿元,76.0,50,61.0,64.4,3,5,5,3,2.72%,优秀,1.23%,不佳,3.92%,一般,10.14%,优秀,14.80%,优秀,25.08%,优秀,0.0,75.0,65.0,70.0,75.0
011656,天弘京津冀发起债,刘嗣兴,天弘,10.55亿元,88.00000000000001,66,69.0,74.39999999999999,3,4,5,5,2.66%,优秀,3.08%,良好,5.73%,一般,10.09%,优秀,12.71%,优秀,---,,70.0,80.0,65.0,70.0,80.0
003223,广发景丰纯债A,吴迪,广发,55.38亿元,88.00000000000001,96,73.5,80.1,5,4,5,4,2.20%,优秀,1.88%,良好,5.48%,优秀,12.07%,优秀,12.75%,优秀,21.93%,优秀,70.0,85.0,70.0,70.0,90.0
003157,招商招悦纯债C,王娟娟,招商,27.41亿元,88.00000000000001,100,76.5,82.3,4,3,5,5,2.51%,优秀,2.95%,优秀,5.70%,优秀,11.80%,优秀,13.36%,优秀,25.07%,优秀,75.0,85.0,75.0,75.0,80.0
970025,华安证券聚赢一年,樊艳,华安证券资管,7.07亿元,84.00000000000001,42,83.5,79.50000000000001,3,3,5,5,0.91%,不佳,1.39%,一般,3.82%,一般,11.10%,优秀,13.09%,优秀,---,,95.0,75.0,85.0,80.0,75.0
008668,西部利得双盈一年,张英,西部利得,10.86亿元,76.0,82,73.5,75.10000000000001,3,5,5,3,1.66%,良好,1.88%,一般,5.07%,良好,10.72%,优秀,12.72%,优秀,---,,80.0,80.0,70.0,75.0,80.0
008510,南方鼎利一年债券,黄河,南方,5.38亿元,76.0,92,76.5,77.9,3,5,5,3,2.07%,良好,2.34%,良好,5.58%,优秀,11.34%,优秀,14.30%,优秀,---,,80.0,85.0,75.0,75.0,75.0
100072,富国强回报定开债,黄纪亮,富国,12.28亿元,76.0,82,76.5,76.9,3,5,5,3,1.81%,良好,1.71%,一般,5.00%,良好,11.26%,优秀,13.34%,优秀,24.70%,优秀,80.0,80.0,75.0,75.0,80.0
008700,泰康瑞丰3月定开,经惠云,泰康,8.61亿元,76.0,92,74.0,76.4,3,5,5,3,2.24%,良好,2.20%,良好,6.32%,优秀,12.74%,优秀,14.17%,优秀,---,,85.0,85.0,70.0,70.0,80.0
002645,大成景荣债券C,朱浩然,大成,1.19亿元,76.0,44,70.0,69.2,5,3,5,3,1.77%,良好,1.31%,不佳,3.95%,不佳,9.12%,优秀,9.67%,优秀,20.28%,良好,60.0,75.0,70.0,75.0,70.0
007958,华泰柏瑞益通三个,罗远航,华泰柏瑞,21.22亿元,76.0,82,80.5,79.3,3,5,5,3,1.53%,一般,2.00%,良好,5.00%,良好,11.43%,优秀,14.21%,优秀,23.46%,优秀,80.0,80.0,80.0,80.0,85.0
003324,东方永兴18个月,吴萍萍,东方,20.25亿元,76.0,72,73.5,74.10000000000001,3,5,5,3,1.44%,一般,1.05%,不佳,5.63%,优秀,13.14%,优秀,20.19%,优秀,29.65%,优秀,80.0,85.0,70.0,70.0,80.0
007860,平安5-10年期,刘晓兰,平安,2.27亿元,84.00000000000001,100,69.5,76.9,3,3,5,5,6.42%,优秀,6.57%,优秀,10.66%,优秀,16.06%,优秀,17.79%,优秀,27.41%,优秀,65.0,100.0,65.0,65.0,75.0
005862,华夏鼎禄三个月定,孙蕾,华夏,51.06亿元,76.0,96,73.5,76.5,3,5,5,3,2.69%,优秀,2.79%,良好,6.36%,优秀,12.37%,优秀,14.92%,优秀,25.46%,优秀,70.0,85.0,70.0,70.0,90.0
007677,蜂巢添汇纯债C,廖新昌,蜂巢,13.90亿元,76.0,76,74.5,75.1,5,3,5,3,1.97%,良好,1.38%,不佳,6.02%,优秀,16.41%,优秀,21.32%,优秀,29.46%,优秀,80.0,90.0,70.0,70.0,85.0
008503,国寿安保泰瑞纯债,陶尹斌,国寿安保,62.87亿元,76.0,86,71.0,74.0,3,5,5,3,2.50%,优秀,1.91%,一般,4.87%,良好,11.47%,优秀,13.79%,优秀,25.44%,优秀,50.0,80.0,70.0,70.0,90.0
003448,招商招华纯债A,夏里鹏,招商,11.81亿元,92.0,100,80.0,85.6,4,5,4,5,2.64%,优秀,3.27%,优秀,5.82%,优秀,10.78%,优秀,13.32%,优秀,23.41%,优秀,80.0,85.0,80.0,75.0,80.0
000122,汇添富实业债债券,徐一恒,汇添富,25.43亿元,72.0,98,65.5,70.69999999999999,3,2,3,5,4.70%,优秀,8.54%,优秀,10.37%,优秀,12.59%,优秀,15.54%,优秀,21.13%,良好,85.0,95.0,55.0,60.0,85.0
020002,国泰金龙债券A,茅利伟,国泰,3.61亿元,76.0,90,71.5,74.7,3,3,3,5,3.76%,优秀,8.94%,优秀,10.47%,优秀,10.67%,优秀,10.99%,优秀,8.24%,不佳,90.0,100.0,65.0,65.0,70.0
164808,工银四季收益债券,何秀红,工银,14.48亿元,76.0,80,76.0,76.4,5,4,4,3,2.26%,良好,2.92%,良好,5.90%,良好,8.10%,良好,9.41%,良好,21.12%,良好,80.0,80.0,75.0,70.0,80.0
485111,工银瑞信双利债券,欧阳凯,工银,51.90亿元,80.0,50,73.0,72.8,3,3,4,5,0.65%,一般,2.42%,一般,5.93%,一般,5.09%,良好,7.83%,优秀,17.58%,良好,75.0,80.0,70.0,65.0,90.0
110008,易方达稳健收益债,胡剑,易方达,259.50亿元,80.0,100,69.5,75.69999999999999,3,5,4,4,2.45%,优秀,6.46%,优秀,10.17%,优秀,7.95%,优秀,7.71%,优秀,25.00%,优秀,80.0,95.0,60.0,60.0,100.0
360008,光大增利收益债券,黄波,光大保德信,34.23亿元,80.0,100,68.0,74.8,3,4,3,5,4.50%,优秀,12.47%,优秀,11.28%,优秀,10.83%,优秀,13.49%,优秀,35.05%,优秀,80.0,95.0,60.0,60.0,85.0
000123,汇添富实业债债券,徐一恒,汇添富,3.25亿元,76.0,90,64.0,70.2,3,3,3,5,4.59%,优秀,8.32%,优秀,9.94%,优秀,11.72%,优秀,14.21%,优秀,18.73%,一般,85.0,95.0,55.0,60.0,70.0
070025,嘉实信用债券A,王立芹,嘉实,28.15亿元,84.00000000000001,50,72.0,73.4,4,4,5,4,1.88%,良好,2.23%,良好,4.44%,一般,9.37%,良好,11.56%,优秀,17.45%,一般,70.0,75.0,70.0,70.0,85.0
217003,招商安泰债券A,刘万锋,招商,4.46亿元,84.00000000000001,92,78.5,81.50000000000001,4,5,4,4,2.15%,优秀,2.49%,优秀,4.93%,良好,10.01%,优秀,11.78%,良好,22.52%,优秀,75.0,80.0,80.0,75.0,75.0
519669,银河领先债券A,蒋磊,银河,1.36亿元,80.0,96,74.5,78.29999999999998,5,4,3,4,2.14%,良好,5.86%,优秀,9.86%,优秀,10.90%,优秀,12.85%,优秀,22.73%,优秀,90.0,95.0,70.0,70.0,70.0
000205,易方达投资级信用,王晓晨,易方达,33.19亿元,84.00000000000001,24,79.5,75.30000000000001,5,4,4,4,0.76%,不佳,1.03%,不佳,3.92%,一般,9.38%,良好,11.40%,良好,19.18%,良好,75.0,75.0,80.0,80.0,85.0
380005,中银纯债债券A,林炎滨,中银,32.98亿元,88.00000000000001,100,73.5,80.5,4,4,4,5,2.71%,优秀,2.76%,优秀,6.62%,优秀,13.26%,优秀,13.64%,优秀,22.35%,优秀,70.0,90.0,70.0,70.0,85.0
161908,万家添利债券(L,陈佳昀,万家,1.93亿元,80.0,88,63.0,70.6,3,3,4,5,3.91%,优秀,7.34%,优秀,11.21%,优秀,6.94%,一般,9.65%,良好,31.15%,优秀,85.0,90.0,55.0,55.0,70.0
000497,财通纯债债券A,张婉玉,财通,10.01亿元,80.0,20,81.0,74.6,3,5,4,4,0.94%,不佳,1.20%,不佳,4.10%,一般,10.85%,优秀,12.66%,优秀,12.24%,不佳,95.0,75.0,80.0,80.0,80.0
162716,广发聚源债券(L,吴迪,广发,3.92亿元,84.00000000000001,98,75.5,80.3,4,3,4,5,2.51%,优秀,3.43%,优秀,6.84%,优秀,10.85%,优秀,13.74%,优秀,20.14%,良好,70.0,90.0,75.0,70.0,75.0
000402,工银纯债债券A,谷衡,工银,75.53亿元,84.00000000000001,54,80.5,78.9,5,4,4,4,1.47%,一般,1.97%,良好,4.09%,一般,9.15%,良好,11.60%,良好,21.90%,优秀,80.0,75.0,80.0,80.0,90.0
000973,新华增盈回报债券,王丹,新华,5.23亿元,76.0,100,67.5,73.3,3,3,3,5,2.74%,优秀,9.80%,优秀,12.80%,优秀,11.34%,优秀,9.91%,优秀,25.81%,优秀,80.0,100.0,60.0,60.0,75.0
000668,国寿安保尊享债券,高鑫,国寿安保,4.85亿元,88.00000000000001,100,73.0,80.2,4,4,4,5,3.89%,优秀,5.67%,优秀,9.27%,优秀,11.85%,优秀,14.14%,优秀,22.44%,优秀,80.0,90.0,70.0,65.0,75.0
001776,中欧兴利债券A,苏佳,中欧,40.82亿元,84.00000000000001,82,76.5,79.3,4,4,5,4,1.70%,良好,1.84%,一般,4.73%,良好,10.59%,优秀,12.35%,优秀,23.55%,优秀,75.0,80.0,75.0,75.0,85.0
000182,景顺长城四季金利,彭成军,景顺长城,3.00亿元,80.0,88,72.5,76.3,4,3,5,4,2.71%,优秀,4.21%,良好,6.78%,良好,11.44%,优秀,12.22%,优秀,16.46%,良好,80.0,85.0,70.0,70.0,70.0
360009,光大增利收益债券,黄波,光大保德信,6.52亿元,76.0,100,67.0,73.0,3,3,3,5,4.42%,优秀,12.25%,优秀,10.86%,优秀,9.96%,优秀,12.25%,优秀,32.63%,优秀,80.0,95.0,60.0,60.0,75.0
121012,国投瑞银优化增强,杨枫,国投瑞银,66.75亿元,80.0,52,67.5,69.7,3,4,5,4,1.27%,一般,3.03%,一般,6.13%,一般,6.09%,良好,6.72%,优秀,26.24%,优秀,80.0,80.0,60.0,65.0,90.0
450018,国富恒久信用债券,刘怡敏,国海,0.03亿元,68.0,64,68.0,67.6,3,3,1,5,3.03%,优秀,4.70%,优秀,6.04%,良好,6.13%,不佳,8.86%,一般,14.76%,不佳,80.0,80.0,65.0,65.0,65.0
002438,创金合信尊盛纯债,郑振源,创金合信,10.04亿元,84.00000000000001,42,78.5,76.50000000000001,5,4,4,4,1.08%,不佳,1.57%,一般,4.38%,一般,9.78%,优秀,12.35%,优秀,21.54%,优秀,70.0,80.0,80.0,75.0,80.0
020012,国泰金龙债券C,茅利伟,国泰,1.72亿元,72.0,88,70.0,72.39999999999999,3,2,3,5,3.70%,优秀,8.82%,优秀,10.23%,优秀,10.01%,优秀,10.01%,良好,6.61%,不佳,85.0,95.0,65.0,65.0,65.0
002344,融通增益债券C,王超,融通,1.53亿元,80.0,20,77.0,72.19999999999999,5,3,4,4,0.51%,不佳,0.64%,不佳,2.06%,不佳,6.00%,不佳,14.23%,优秀,29.99%,优秀,70.0,60.0,80.0,85.0,75.0
002362,国富恒瑞债券C,赵晓东,国海,6.78亿元,80.0,86,67.5,73.1,4,3,3,5,1.09%,一般,7.21%,优秀,8.29%,良好,7.18%,优秀,8.50%,优秀,24.43%,优秀,85.0,95.0,60.0,60.0,75.0
002882,中加丰润纯债债券,张楠,中加,13.25亿元,80.0,34,68.0,68.2,4,3,5,4,1.88%,良好,0.81%,不佳,3.58%,不佳,8.85%,良好,12.30%,优秀,18.62%,一般,65.0,70.0,65.0,70.0,85.0
002354,博时裕腾纯债债券,李秋实,博时,6.55亿元,80.0,100,78.0,80.8,5,4,3,4,2.57%,优秀,3.30%,优秀,6.26%,优秀,10.37%,优秀,12.76%,优秀,22.97%,优秀,70.0,85.0,80.0,70.0,75.0
002065,景顺长城景盛双息,李怡文,景顺长城,78.35亿元,80.0,62,69.5,71.89999999999999,4,2,4,5,0.09%,不佳,1.89%,一般,9.66%,优秀,9.24%,优秀,12.37%,优秀,14.33%,一般,80.0,95.0,60.0,60.0,100.0
163007,长信利众债券(L,刘婧,长信,5.23亿元,76.0,52,71.0,70.60000000000001,4,5,4,3,2.10%,良好,1.84%,一般,4.40%,一般,8.44%,良好,9.95%,良好,22.79%,良好,70.0,75.0,70.0,70.0,75.0
519762,交银裕通纯债债券,于海颖,交银,24.39亿元,84.00000000000001,82,72.5,76.9,4,4,5,4,1.94%,良好,1.71%,一般,4.70%,良好,12.11%,优秀,13.02%,优秀,21.54%,优秀,70.0,80.0,70.0,70.0,85.0
002361,国富恒瑞债券A,赵晓东,国海,47.28亿元,80.0,86,69.0,74.0,4,3,3,5,1.23%,一般,7.49%,优秀,8.81%,良好,8.15%,优秀,9.92%,优秀,27.09%,优秀,85.0,95.0,60.0,60.0,90.0
002066,景顺长城景盛双息,李怡文,景顺长城,2.84亿元,84.00000000000001,62,67.0,71.60000000000001,4,3,4,5,0.00%,不佳,1.67%,一般,9.26%,优秀,8.29%,优秀,10.95%,优秀,12.04%,一般,80.0,90.0,60.0,60.0,80.0
003218,前海开源祥和债券,章俊,前海开源,9.30亿元,80.0,100,68.0,74.8,3,4,5,4,5.95%,优秀,7.92%,优秀,9.70%,优秀,18.07%,优秀,10.74%,优秀,34.84%,优秀,80.0,95.0,60.0,65.0,80.0
002474,中邮睿信增强债,闫宜乘,中邮,21.74亿元,84.00000000000001,100,64.5,73.9,4,3,4,5,3.96%,优秀,8.43%,优秀,17.06%,优秀,12.79%,优秀,14.36%,优秀,27.40%,优秀,80.0,100.0,55.0,55.0,80.0
002206,博时裕康纯债债券,王帅,博时,6.35亿元,80.0,84,75.5,77.7,5,4,3,4,2.12%,良好,2.41%,良好,5.12%,良好,10.81%,优秀,12.33%,优秀,18.84%,良好,75.0,80.0,75.0,75.0,75.0
003265,招商招坤纯债A,郭敏,招商,26.22亿元,80.0,86,73.5,76.69999999999999,3,4,5,4,2.10%,良好,2.20%,良好,4.64%,良好,10.04%,优秀,12.39%,优秀,22.47%,优秀,75.0,80.0,70.0,75.0,85.0
002997,工银瑞享纯债债券,何秀红,工银,1.08亿元,84.00000000000001,90,78.5,81.30000000000001,5,4,4,4,2.37%,良好,3.11%,良好,6.42%,优秀,10.26%,优秀,12.07%,优秀,20.35%,良好,80.0,85.0,80.0,70.0,70.0
003671,兴业裕恒债券A,腊博,兴业,55.86亿元,84.00000000000001,98,73.5,79.10000000000001,4,3,4,5,2.40%,优秀,2.54%,优秀,5.59%,优秀,11.40%,优秀,13.43%,优秀,20.32%,良好,70.0,85.0,70.0,70.0,90.0
003795,方正富邦睿利纯债,区德成,方正富邦,5.56亿元,88.00000000000001,100,73.0,80.2,4,4,4,5,3.01%,优秀,4.08%,优秀,7.12%,优秀,11.35%,优秀,13.86%,优秀,21.87%,优秀,75.0,90.0,70.0,70.0,75.0
003979,中信建投稳祥C,许健,中信建投,5.83亿元,80.0,84,72.5,75.9,5,3,4,4,2.05%,良好,2.36%,良好,4.94%,良好,10.95%,优秀,12.09%,优秀,20.81%,良好,70.0,80.0,70.0,75.0,80.0
004118,博时裕鹏纯债债券,王帅,博时,11.10亿元,84.00000000000001,54,78.5,77.70000000000002,4,5,4,4,1.61%,一般,1.96%,良好,4.03%,一般,8.64%,良好,11.37%,良好,21.96%,优秀,70.0,75.0,80.0,80.0,80.0
003637,安信永鑫增强债券,李君,安信,15.49亿元,84.00000000000001,54,70.0,72.60000000000001,4,3,4,5,0.69%,一般,3.38%,良好,5.52%,一般,5.42%,良好,7.91%,优秀,16.75%,良好,90.0,75.0,65.0,65.0,80.0
004140,兴业福鑫债券,伍方方,兴业,78.85亿元,88.00000000000001,100,73.5,80.5,4,4,4,5,2.37%,优秀,2.50%,优秀,5.71%,优秀,10.98%,优秀,12.82%,优秀,21.52%,优秀,70.0,85.0,70.0,70.0,90.0
000191,富国信用债债券A,黄纪亮,富国,128.97亿元,76.0,50,78.5,74.9,5,4,4,3,1.52%,一般,1.67%,一般,4.22%,一般,9.30%,良好,10.99%,良好,20.71%,优秀,80.0,75.0,75.0,80.0,100.0
000130,大成景兴信用债债,孙丹,大成,1.74亿元,76.0,92,79.5,79.7,5,4,4,3,2.08%,良好,3.46%,优秀,6.96%,优秀,9.28%,良好,10.28%,良好,24.56%,优秀,85.0,90.0,80.0,70.0,70.0
004729,中欧瑾泰债券C,周锦程,中欧,0.50亿元,76.0,100,72.0,76.0,3,3,3,5,3.54%,优秀,3.86%,优秀,7.60%,优秀,11.03%,优秀,14.26%,优秀,20.88%,优秀,70.0,90.0,70.0,70.0,70.0
004601,博时富腾纯债债券,郭思洁,博时,8.64亿元,84.00000000000001,86,80.0,81.8,4,5,4,4,1.70%,良好,2.33%,良好,5.04%,良好,10.28%,优秀,12.50%,优秀,22.37%,优秀,85.0,80.0,80.0,80.0,75.0
003071,国联睿祥纯债A,王玥,国联,52.57亿元,80.0,44,70.0,70.4,3,4,5,4,1.71%,良好,0.79%,不佳,3.58%,不佳,10.15%,优秀,11.67%,良好,20.61%,优秀,70.0,75.0,65.0,70.0,95.0
002277,中邮纯债恒利债券,武志骁,中邮,1.77亿元,84.00000000000001,100,66.5,75.1,4,3,4,5,3.98%,优秀,5.54%,优秀,10.71%,优秀,10.89%,优秀,12.38%,优秀,29.41%,优秀,85.0,90.0,60.0,60.0,70.0
004246,德邦锐乾债券A,张铮烁,德邦,0.61亿元,80.0,100,79.0,81.4,3,4,3,5,3.95%,优秀,4.26%,优秀,6.63%,优秀,10.95%,优秀,13.40%,优秀,22.37%,优秀,85.0,85.0,80.0,70.0,70.0
002276,中邮纯债恒利债券,武志骁,中邮,19.16亿元,88.00000000000001,100,68.0,77.2,4,4,4,5,3.99%,优秀,5.69%,优秀,10.97%,优秀,11.52%,优秀,13.29%,优秀,31.19%,优秀,85.0,95.0,60.0,60.0,80.0
004728,中欧瑾泰债券A,周锦程,中欧,38.15亿元,80.0,100,74.0,78.4,4,3,3,5,3.57%,优秀,3.95%,优秀,7.74%,优秀,11.28%,优秀,14.32%,优秀,21.40%,优秀,70.0,95.0,70.0,70.0,85.0
003999,富荣富祥纯债A,宋芳,富荣,3.11亿元,80.0,96,72.0,76.79999999999998,4,3,5,4,2.44%,优秀,2.10%,良好,5.56%,优秀,9.75%,优秀,12.45%,优秀,21.23%,优秀,70.0,85.0,70.0,70.0,75.0
003657,民生加银鑫元纯债,裴禹翔,民生,3.36亿元,80.0,86,71.0,75.19999999999999,4,3,3,5,1.96%,良好,2.30%,良好,4.83%,良好,17.34%,优秀,19.21%,优秀,40.84%,优秀,65.0,80.0,70.0,70.0,75.0
000606,天弘优选债券A,刘洋,天弘,209.25亿元,84.00000000000001,100,79.5,82.9,5,4,4,4,3.42%,优秀,4.16%,优秀,9.27%,优秀,13.24%,优秀,15.15%,优秀,23.60%,优秀,80.0,95.0,75.0,70.0,100.0
002486,上银慧添利债券,蔡唯峰,上银,31.81亿元,84.00000000000001,78,77.0,79.2,4,5,4,4,1.24%,一般,1.56%,一般,4.43%,良好,9.89%,优秀,12.20%,优秀,23.00%,优秀,80.0,80.0,75.0,75.0,85.0
005159,华泰保兴尊合债券,张挺,华泰保兴,55.31亿元,84.00000000000001,100,76.0,80.80000000000001,4,4,3,5,3.25%,优秀,4.65%,优秀,8.49%,优秀,11.93%,优秀,13.10%,优秀,24.06%,优秀,85.0,95.0,70.0,70.0,90.0
004705,南方祥元债券A,黄斌斌,南方,43.66亿元,84.00000000000001,78,76.5,78.89999999999999,5,4,4,4,1.69%,一般,2.15%,良好,4.93%,良好,9.67%,良好,11.74%,良好,22.31%,优秀,75.0,80.0,75.0,75.0,85.0
005193,北信瑞丰鼎利债券,于军华,北信,0.04亿元,80.0,90,62.5,70.5,3,3,4,5,2.93%,优秀,11.16%,优秀,12.09%,优秀,10.40%,优秀,11.50%,优秀,15.88%,一般,90.0,85.0,55.0,55.0,65.0
005160,华泰保兴尊合债券,张挺,华泰保兴,11.66亿元,80.0,100,75.0,79.0,4,3,3,5,3.20%,优秀,4.54%,优秀,8.27%,优秀,11.47%,优秀,12.41%,优秀,22.82%,优秀,85.0,95.0,70.0,70.0,80.0
006237,永赢嘉益债券,郭画,永赢,10.95亿元,84.00000000000001,100,77.0,81.4,4,4,3,5,3.19%,优秀,4.03%,优秀,6.86%,优秀,11.27%,优秀,13.51%,优秀,21.52%,优秀,80.0,90.0,75.0,70.0,80.0
005754,平安短债A,欧阳亮,平安,35.32亿元,76.0,36,80.0,74.39999999999999,4,4,5,3,0.72%,一般,0.85%,不佳,2.56%,一般,6.63%,良好,8.93%,良好,16.02%,良好,80.0,65.0,80.0,85.0,90.0
675161,西部利得汇盈债券,易圣倩,西部利得,20.30亿元,84.00000000000001,78,74.0,77.39999999999999,4,4,5,4,1.62%,一般,1.66%,一般,4.39%,良好,10.09%,优秀,12.43%,优秀,24.48%,优秀,80.0,80.0,70.0,75.0,85.0
005908,华泰保兴尊利债券,张挺,华泰保兴,50.07亿元,84.00000000000001,100,70.0,77.2,4,3,4,5,3.92%,优秀,7.49%,优秀,15.25%,优秀,14.52%,优秀,14.03%,优秀,30.63%,优秀,90.0,100.0,60.0,60.0,90.0
675163,西部利得汇盈债券,易圣倩,西部利得,10.13亿元,80.0,54,72.5,72.9,4,3,5,4,1.60%,一般,1.61%,一般,4.27%,一般,9.86%,优秀,12.06%,优秀,23.85%,优秀,75.0,75.0,70.0,75.0,80.0
005996,国投瑞银顺昌纯债,王侃,国投瑞银,16.35亿元,80.0,52,76.5,75.10000000000001,4,5,3,4,1.23%,一般,1.49%,一般,3.62%,一般,10.52%,优秀,12.16%,优秀,18.64%,良好,80.0,70.0,75.0,80.0,85.0
006184,格林泓鑫纯债A,尹子昕,格林,2.10亿元,84.00000000000001,40,78.5,76.30000000000001,5,4,4,4,1.19%,一般,1.23%,不佳,3.67%,一般,10.53%,优秀,11.84%,良好,22.19%,优秀,75.0,75.0,80.0,80.0,75.0
006177,中信保诚稳达A,顾飞辰,中信保诚,0.80亿元,84.00000000000001,100,68.0,76.0,4,3,4,5,3.60%,优秀,3.02%,优秀,6.93%,优秀,11.78%,优秀,14.20%,优秀,22.27%,优秀,60.0,90.0,65.0,70.0,70.0
004101,国泰民安增益纯债,李铭一,国泰,7.85亿元,76.0,100,72.5,76.3,3,3,3,5,3.09%,优秀,3.64%,优秀,6.69%,优秀,11.73%,优秀,13.72%,优秀,21.44%,优秀,65.0,90.0,70.0,70.0,80.0
006191,华夏鼎通债券A,吴彬,华夏,121.91亿元,88.00000000000001,100,75.0,81.4,4,4,4,5,2.91%,优秀,3.42%,优秀,6.92%,优秀,11.22%,优秀,13.24%,优秀,23.60%,优秀,70.0,90.0,70.0,70.0,100.0
005419,中欧聚瑞债券A,周锦程,中欧,29.63亿元,80.0,40,76.0,73.6,5,4,3,4,1.64%,一般,1.84%,一般,4.71%,一般,8.53%,良好,10.57%,良好,16.46%,一般,70.0,80.0,75.0,75.0,85.0
040023,华安可转债债券B,周益鸣,华安,41.91亿元,76.0,88,61.5,68.5,2,3,4,5,3.91%,优秀,14.13%,优秀,16.23%,优秀,4.03%,一般,5.77%,良好,43.54%,优秀,90.0,95.0,50.0,50.0,80.0
006874,创金合信恒兴中短,谢创,创金合信,21.51亿元,84.00000000000001,100,80.0,83.2,5,4,4,4,1.14%,优秀,1.37%,优秀,3.17%,优秀,7.10%,优秀,9.50%,优秀,19.56%,优秀,80.0,70.0,80.0,85.0,85.0
006411,中加颐智纯债债券,石玲玲,中加,10.06亿元,80.0,44,76.0,74.0,4,5,3,4,1.84%,良好,1.68%,一般,3.96%,一般,9.50%,良好,11.23%,良好,17.83%,一般,80.0,75.0,75.0,75.0,80.0
005513,南华瑞恒中短债债,沈致远,南华,9.51亿元,55.99999999999999,90,90.0,79.8,2,1,1,5,0.76%,一般,1.40%,优秀,3.43%,优秀,6.52%,良好,51.56%,优秀,50.38%,优秀,95.0,70.0,95.0,85.0,80.0
006725,国泰丰盈纯债债券,李铭一,国泰,7.34亿元,88.00000000000001,100,72.5,79.9,4,4,4,5,3.78%,优秀,4.35%,优秀,7.33%,优秀,14.37%,优秀,15.76%,优秀,24.91%,优秀,70.0,95.0,70.0,65.0,75.0
006576,永赢诚益债券A,牟琼屿,永赢,10.84亿元,84.00000000000001,54,76.0,76.20000000000002,4,5,4,4,1.64%,一般,1.91%,良好,4.26%,一般,8.54%,良好,11.47%,良好,21.46%,优秀,75.0,75.0,75.0,80.0,80.0
006304,中加颐鑫纯债债券,张楠,中加,20.63亿元,80.0,100,80.0,82.0,5,4,3,4,1.61%,优秀,1.90%,优秀,4.82%,优秀,9.83%,优秀,11.58%,优秀,18.27%,优秀,80.0,80.0,80.0,80.0,80.0
005514,南华瑞恒中短债债,沈致远,南华,1.93亿元,64.0,82,89.0,80.8,2,3,1,5,0.68%,一般,1.23%,优秀,3.11%,优秀,5.93%,一般,50.39%,优秀,49.83%,优秀,90.0,70.0,95.0,85.0,75.0
006853,中银汇享债券,周毅,中银,40.51亿元,88.00000000000001,96,70.5,78.30000000000001,4,4,4,5,2.43%,优秀,2.12%,良好,5.96%,优秀,11.91%,优秀,14.11%,优秀,21.52%,优秀,70.0,85.0,65.0,70.0,90.0
007279,永赢众利债券A,杨野,永赢,119.74亿元,84.00000000000001,100,75.5,80.5,5,4,4,4,3.05%,优秀,3.96%,优秀,7.80%,优秀,12.53%,优秀,15.39%,优秀,23.41%,优秀,70.0,95.0,70.0,70.0,100.0
007888,农银金盈债券A,郭振宇,农银,72.32亿元,88.00000000000001,100,73.0,80.2,4,4,4,5,2.30%,优秀,2.47%,优秀,5.63%,优秀,10.69%,优秀,12.99%,优秀,24.62%,优秀,60.0,85.0,70.0,70.0,95.0
007263,东方红聚利债券C,孔令超,上海东方,4.95亿元,76.0,80,63.0,68.6,3,3,3,5,3.72%,优秀,9.50%,优秀,10.80%,优秀,5.13%,不佳,6.08%,不佳,26.95%,优秀,85.0,85.0,55.0,55.0,75.0
007616,富国投资级信用债,朱梦娜,富国,43.90亿元,84.00000000000001,72,78.0,79.2,5,4,4,4,1.57%,一般,1.75%,一般,4.45%,良好,9.31%,良好,11.37%,良好,20.19%,良好,80.0,80.0,75.0,80.0,90.0
007214,国泰惠丰纯债债券,李铭一,国泰,24.49亿元,80.0,100,70.0,76.0,4,3,3,5,6.26%,优秀,5.96%,优秀,11.30%,优秀,18.56%,优秀,19.46%,优秀,27.01%,优秀,60.0,100.0,65.0,65.0,85.0
007262,东方红聚利债券A,孔令超,上海东方,18.39亿元,76.0,80,64.0,69.2,3,3,3,5,3.82%,优秀,9.73%,优秀,11.24%,优秀,5.98%,不佳,7.36%,一般,29.53%,优秀,85.0,90.0,55.0,55.0,80.0
006332,招商金鸿债券A,黄晓婷,招商,0.19亿元,80.0,32,79.0,74.60000000000001,4,5,3,4,1.49%,一般,1.83%,一般,4.03%,一般,8.23%,一般,10.21%,一般,19.55%,良好,85.0,75.0,80.0,80.0,70.0
008765,中加瑞享纯债债券,魏泰源,中加,20.38亿元,80.0,30,76.5,72.9,3,5,4,4,1.11%,不佳,1.07%,不佳,3.90%,一般,10.50%,优秀,12.19%,优秀,---,,85.0,75.0,75.0,75.0,80.0
007337,汇安嘉盛纯债债券,金鸿峰,汇安,0.00亿元,80.0,30,81.0,75.6,5,3,4,4,1.06%,不佳,1.48%,一般,3.70%,一般,9.20%,良好,12.89%,优秀,13.57%,不佳,80.0,75.0,85.0,85.0,60.0
008040,鹏华0-5年利率,叶朝明,鹏华,105.61亿元,84.00000000000001,100,80.5,83.5,5,4,4,4,2.47%,优秀,2.82%,优秀,6.00%,优秀,10.11%,优秀,13.51%,优秀,21.00%,优秀,70.0,85.0,80.0,70.0,100.0
900039,中信证券六个月滚,李天颖,中信证券资产管理,0.00亿元,80.0,92,78.5,80.3,3,3,4,5,0.89%,良好,1.05%,良好,4.05%,优秀,8.67%,优秀,11.06%,优秀,19.17%,优秀,80.0,75.0,80.0,80.0,70.0
007612,汇安裕和纯债债券,王作舟,汇安,0.00亿元,80.0,48,75.0,73.8,4,3,5,4,1.28%,一般,1.48%,一般,3.90%,一般,9.27%,良好,11.52%,良好,---,,85.0,75.0,75.0,80.0,60.0
008571,金信民达纯债A,杨杰,金信,0.63亿元,80.0,97,69.0,75.10000000000001,4,3,3,5,5.05%,优秀,7.08%,优秀,7.13%,优秀,9.42%,良好,12.86%,优秀,---,,80.0,85.0,65.0,65.0,70.0
007738,淳厚稳惠债券A,张蕊,淳厚,5.67亿元,80.0,84,72.5,75.9,5,4,3,4,2.10%,良好,2.53%,良好,5.78%,良好,9.53%,优秀,11.72%,优秀,19.34%,良好,75.0,85.0,70.0,70.0,75.0
008572,金信民达纯债C,杨杰,金信,0.12亿元,80.0,97,69.0,75.10000000000001,4,3,3,5,4.98%,优秀,6.96%,优秀,6.90%,优秀,8.98%,良好,12.18%,优秀,---,,80.0,85.0,65.0,65.0,70.0
007901,汇添富中短债A,徐光,汇添富,100.23亿元,80.0,84,81.0,81.0,4,3,3,5,0.76%,一般,0.94%,一般,3.67%,优秀,7.48%,优秀,10.34%,优秀,---,,75.0,75.0,80.0,80.0,100.0
009580,招商双债增强债券,刘万锋,招商,1.78亿元,80.0,86,75.5,77.89999999999999,3,3,4,5,2.11%,良好,2.35%,良好,4.88%,良好,10.94%,优秀,12.66%,优秀,---,,75.0,80.0,75.0,75.0,75.0
008686,大成景优中短债A,冯佳,大成,75.03亿元,68.0,100,77.0,76.6,1,3,3,5,2.20%,优秀,2.34%,优秀,5.21%,优秀,8.79%,优秀,10.53%,优秀,---,,70.0,80.0,75.0,75.0,95.0
008687,大成景优中短债C,冯佳,大成,2.87亿元,68.0,100,74.0,74.8,1,3,3,5,2.17%,优秀,2.28%,优秀,5.09%,优秀,8.56%,优秀,10.17%,优秀,---,,65.0,80.0,75.0,75.0,70.0
009350,前海联合添泽债券,孙连玉,前海联合,0.02亿元,80.0,100,67.5,74.5,4,3,3,5,5.52%,优秀,9.07%,优秀,11.25%,优秀,13.23%,优秀,15.25%,优秀,---,,85.0,100.0,60.0,65.0,65.0
008999,景顺景颐嘉利6个,董晗,景顺长城,19.01亿元,84.00000000000001,73,68.0,73.3,4,3,4,5,0.56%,不佳,4.60%,良好,9.24%,优秀,6.61%,良好,8.34%,优秀,---,,90.0,90.0,60.0,60.0,80.0
009534,南方升元中短期利,王景明,南方,3.27亿元,76.0,100,76.0,78.4,4,2,3,5,2.04%,优秀,2.25%,优秀,4.50%,优秀,7.60%,优秀,9.80%,优秀,---,,75.0,80.0,75.0,75.0,80.0
009495,大成景轩中高等级,冯佳,大成,60.79亿元,80.0,90,74.0,77.4,5,3,4,4,2.26%,优秀,1.93%,良好,5.68%,优秀,9.42%,良好,10.88%,良好,---,,75.0,85.0,70.0,70.0,90.0
008874,国寿安保尊诚纯债,高鑫,国寿安保,0.02亿元,80.0,86,77.5,79.1,5,3,4,4,2.18%,良好,3.10%,良好,5.79%,良好,9.73%,优秀,11.43%,优秀,---,,70.0,85.0,80.0,75.0,65.0
008558,永赢邦利债券A,吴玮,永赢,42.90亿元,84.00000000000001,100,74.0,79.6,4,4,3,5,2.84%,优秀,3.39%,优秀,6.68%,优秀,10.68%,优秀,13.12%,优秀,---,,75.0,90.0,70.0,70.0,85.0
008383,招商安心收益债券,马龙,招商,56.35亿元,80.0,52,77.5,75.7,5,3,4,4,1.30%,一般,1.37%,一般,3.60%,一般,9.06%,良好,11.07%,优秀,22.69%,优秀,80.0,75.0,75.0,80.0,90.0
010087,中邮纯债丰利债券,武志骁,中邮,0.00亿元,80.0,51,70.5,71.39999999999999,5,3,4,4,1.73%,一般,1.87%,一般,4.14%,一般,9.22%,良好,11.27%,优秀,---,,75.0,75.0,70.0,75.0,60.0
007540,华泰保兴安悦债券,陈祺伟,华泰保兴,46.26亿元,80.0,100,69.5,75.69999999999999,3,4,3,5,8.46%,优秀,11.03%,优秀,17.56%,优秀,23.03%,优秀,25.03%,优秀,33.39%,优秀,60.0,100.0,65.0,60.0,85.0
006599,国寿安保安丰纯债,李一鸣,国寿安保,44.25亿元,80.0,94,76.0,79.0,5,4,3,4,2.10%,良好,4.17%,优秀,7.18%,优秀,10.92%,优秀,12.99%,优秀,20.54%,良好,70.0,90.0,75.0,70.0,80.0
050027,博时信用债纯债债,张李陵,博时,119.59亿元,80.0,84,77.5,78.9,5,4,3,4,1.80%,良好,2.04%,良好,4.57%,良好,10.09%,优秀,12.84%,优秀,20.37%,良好,70.0,80.0,75.0,75.0,100.0
009306,平安惠铭纯债,张文平,平安,60.57亿元,80.0,89,79.5,80.6,5,4,3,4,2.09%,良好,2.43%,良好,5.53%,优秀,9.00%,良好,12.47%,优秀,---,,75.0,80.0,80.0,75.0,85.0
010191,华夏鼎信债券A,张海静,华夏,21.17亿元,84.00000000000001,90,69.0,75.6,4,4,5,4,2.50%,优秀,1.91%,良好,5.08%,良好,11.00%,优秀,12.70%,优秀,---,,70.0,80.0,65.0,70.0,80.0
002704,德邦锐兴债券A,张晶,德邦,15.43亿元,76.0,80,74.0,75.2,4,5,4,3,1.90%,良好,1.77%,一般,4.72%,良好,10.32%,优秀,10.99%,良好,21.35%,优秀,80.0,80.0,70.0,75.0,85.0
010192,华夏鼎信债券C,张海静,华夏,0.00亿元,80.0,90,67.0,73.19999999999999,4,3,5,4,2.47%,优秀,1.86%,良好,4.97%,良好,10.77%,优秀,12.36%,优秀,---,,70.0,80.0,65.0,70.0,60.0
010309,德邦锐裕利率债债,张旭,德邦,2.58亿元,68.0,100,74.5,75.1,2,3,2,5,9.89%,优秀,10.59%,优秀,12.32%,优秀,16.38%,优秀,19.26%,优秀,---,,85.0,100.0,70.0,65.0,75.0
010175,英大智享债券C,张大铮,英大,0.21亿元,84.00000000000001,100,66.0,74.80000000000001,4,3,4,5,3.16%,优秀,7.38%,优秀,10.63%,优秀,13.81%,优秀,11.92%,优秀,---,,80.0,90.0,60.0,60.0,70.0
011008,国寿安保尊弘短债,桑迎,国寿安保,36.29亿元,80.0,75,79.5,79.19999999999999,3,5,4,4,0.69%,一般,1.03%,一般,2.76%,良好,6.68%,良好,9.87%,优秀,---,,75.0,70.0,80.0,85.0,85.0
012229,华安众鑫90天滚,郑如熙,华安,0.88亿元,80.0,83,82.0,81.49999999999999,3,5,4,4,0.83%,良好,1.06%,良好,2.99%,良好,6.87%,良好,9.36%,优秀,---,,85.0,70.0,85.0,85.0,70.0
004564,北信瑞丰鼎利债券,于军华,北信,0.02亿元,84.00000000000001,98,63.0,72.8,4,3,4,5,3.31%,优秀,11.57%,优秀,12.56%,优秀,11.16%,优秀,12.63%,优秀,17.63%,良好,90.0,90.0,55.0,55.0,65.0
012356,浦银安盛季季鑫9,曹治国,浦银,6.05亿元,80.0,90,85.0,84.0,3,5,4,4,0.91%,良好,1.37%,优秀,3.09%,良好,6.92%,优秀,9.28%,优秀,---,,75.0,70.0,90.0,85.0,80.0
010653,农银汇理金玉债券,郭振宇,农银,10.41亿元,84.00000000000001,100,72.5,78.7,3,4,4,5,2.99%,优秀,3.55%,优秀,6.72%,优秀,10.80%,优秀,13.19%,优秀,---,,70.0,85.0,70.0,70.0,80.0
010174,英大智享债券A,张大铮,英大,0.99亿元,84.00000000000001,100,66.0,74.80000000000001,4,3,4,5,3.25%,优秀,7.58%,优秀,11.06%,优秀,14.72%,优秀,13.27%,优秀,---,,80.0,90.0,60.0,60.0,70.0
012397,南方佳元6个月持,孙鲁闽,南方,5.64亿元,80.0,75,70.5,73.8,3,3,4,5,0.69%,一般,2.55%,一般,7.08%,良好,6.69%,良好,7.68%,优秀,---,,85.0,90.0,65.0,65.0,75.0
006635,永赢伟益债券A,章成,永赢,37.97亿元,88.00000000000001,100,73.5,80.5,4,4,4,5,2.63%,优秀,3.59%,优秀,7.32%,优秀,12.51%,优秀,14.45%,优秀,23.41%,优秀,70.0,90.0,70.0,70.0,85.0
012395,兴业60天滚动持,刘禹含,兴业,3.79亿元,80.0,83,82.5,81.8,3,4,5,4,0.79%,良好,1.04%,良好,2.69%,良好,6.61%,良好,9.41%,优秀,---,,85.0,70.0,85.0,85.0,75.0
013068,博时双月享60天,郭思洁,博时,17.35亿元,76.0,0,90.0,76.8,3,3,3,5,0.83%,不佳,1.33%,不佳,3.50%,不佳,7.81%,一般,10.27%,一般,---,,95.0,70.0,95.0,85.0,80.0
011262,华夏鼎英债券A,文世伦,华夏,25.68亿元,76.0,78,74.5,75.3,3,3,3,5,1.19%,一般,1.65%,一般,4.73%,良好,9.98%,优秀,13.29%,优秀,---,,70.0,80.0,75.0,70.0,75.0
013375,平安元鑫120天,欧阳亮,平安,11.57亿元,76.0,86,75.0,76.39999999999999,3,3,3,5,1.03%,优秀,0.92%,一般,3.06%,良好,8.62%,优秀,10.79%,优秀,---,,70.0,70.0,75.0,80.0,80.0
013585,天弘齐享债券发起,赵鼎龙,天弘,42.15亿元,76.0,100,73.0,76.6,3,3,3,5,3.08%,优秀,3.00%,优秀,6.04%,优秀,11.06%,优秀,13.38%,优秀,---,,65.0,85.0,70.0,70.0,90.0
013456,长盛安逸纯债债券,王贵君,长盛,0.00亿元,76.0,82,74.0,75.4,3,3,3,5,1.77%,良好,1.79%,一般,4.37%,良好,10.15%,优秀,14.45%,优秀,---,,80.0,80.0,75.0,80.0,50.0
970063,华安证券合赢六个,樊艳,华安证券资管,8.23亿元,76.0,30,79.0,73.2,3,3,3,5,0.48%,不佳,1.26%,不佳,4.39%,不佳,10.56%,优秀,13.07%,优秀,---,,85.0,75.0,80.0,70.0,80.0
011263,华夏鼎英债券C,文世伦,华夏,0.00亿元,76.0,66,72.5,72.89999999999999,3,3,3,5,1.18%,不佳,1.60%,一般,4.64%,良好,9.77%,优秀,13.09%,优秀,---,,70.0,80.0,75.0,70.0,55.0
110035,易方达双债增强债,王晓晨,易方达,112.55亿元,80.0,88,65.0,71.8,4,3,3,5,3.15%,优秀,8.85%,优秀,9.50%,优秀,8.47%,良好,9.11%,一般,41.92%,优秀,75.0,90.0,55.0,55.0,100.0
012451,国寿安保安恒金融,李一鸣,国寿安保,14.58亿元,72.0,100,72.5,75.1,3,3,2,5,4.88%,优秀,6.38%,优秀,9.99%,优秀,13.70%,优秀,15.55%,优秀,---,,60.0,100.0,70.0,65.0,80.0
970054,信达添利三个月持,王琳,信达证券,0.98亿元,76.0,42,80.5,75.3,3,3,3,5,1.12%,一般,1.66%,不佳,3.30%,不佳,7.84%,优秀,9.50%,优秀,---,,75.0,70.0,85.0,80.0,70.0
013216,财通资管鸿启90,陈希希,财通资管,3.32亿元,76.0,86,83.0,81.19999999999999,3,3,3,5,0.97%,良好,1.22%,良好,2.81%,良好,7.25%,优秀,10.63%,优秀,---,,90.0,70.0,85.0,85.0,75.0
970055,信达信利六个月持,王琳,信达证券,0.45亿元,76.0,39,77.0,72.9,3,3,3,5,1.16%,一般,1.35%,不佳,3.07%,不佳,6.51%,良好,7.74%,优秀,---,,70.0,70.0,80.0,80.0,70.0
014083,浙商汇金月享30,程嘉伟,浙商资管,7.56亿元,76.0,96,72.0,75.6,3,3,3,5,1.42%,优秀,0.96%,良好,3.59%,优秀,8.75%,优秀,11.51%,优秀,---,,70.0,75.0,70.0,75.0,80.0
012618,长安泓沣中短债债,李坤,长安,12.60亿元,76.0,46,74.5,72.1,3,3,3,5,0.79%,良好,0.64%,不佳,2.68%,一般,8.06%,优秀,11.23%,优秀,---,,70.0,70.0,75.0,75.0,80.0
970037,华安证券睿赢一年,刘杰,华安证券资管,3.21亿元,76.0,42,74.0,71.4,3,3,3,5,0.83%,一般,1.68%,不佳,5.42%,一般,11.82%,优秀,14.25%,优秀,---,,90.0,85.0,70.0,70.0,75.0
014086,兴证全球恒悦18,田志祥,兴证全球,83.38亿元,76.0,48,81.5,76.5,3,3,3,5,1.24%,一般,1.51%,一般,3.68%,一般,9.17%,良好,11.86%,良好,---,,85.0,75.0,80.0,80.0,95.0
970035,华安证券合赢九个,张欣,华安证券资管,4.58亿元,76.0,54,71.5,71.10000000000001,3,3,3,5,0.98%,一般,2.00%,一般,4.76%,一般,10.07%,优秀,12.09%,优秀,---,,80.0,75.0,70.0,65.0,75.0
013429,东兴鑫享6个月滚,司马义买买提,东兴,12.29亿元,76.0,39,79.0,74.10000000000001,3,3,3,5,1.38%,一般,1.34%,不佳,2.91%,不佳,8.32%,良好,13.11%,优秀,---,,80.0,70.0,80.0,80.0,80.0
970036,华安证券睿赢一年,刘杰,华安证券资管,1.06亿元,76.0,54,73.5,72.30000000000001,3,3,3,5,0.93%,一般,1.89%,一般,5.84%,一般,12.74%,优秀,15.64%,优秀,---,,90.0,85.0,70.0,70.0,70.0
014084,浙商汇金月享30,程嘉伟,浙商资管,29.12亿元,76.0,80,72.5,74.3,3,3,3,5,1.37%,优秀,0.85%,不佳,3.38%,优秀,8.30%,优秀,10.85%,优秀,---,,70.0,70.0,70.0,75.0,90.0
013976,财通资管鸿佳60,李杰,财通资管,1.65亿元,76.0,86,82.5,80.89999999999999,3,3,3,5,0.89%,良好,1.22%,良好,2.85%,良好,8.11%,优秀,11.38%,优秀,---,,85.0,70.0,85.0,85.0,75.0
013807,财通资管鸿越3个,陈希希,财通资管,4.00亿元,76.0,51,78.0,74.69999999999999,3,3,3,5,1.13%,一般,1.55%,一般,3.29%,不佳,8.09%,良好,12.49%,优秀,---,,75.0,70.0,80.0,80.0,75.0
013804,财通资管鸿越3个,陈希希,财通资管,9.65亿元,76.0,51,78.5,75.0,3,3,3,5,1.15%,一般,1.60%,一般,3.39%,不佳,8.30%,良好,12.84%,优秀,---,,75.0,70.0,80.0,80.0,80.0
013977,财通资管鸿佳60,李杰,财通资管,12.69亿元,76.0,62,79.0,76.4,3,3,3,5,0.84%,良好,1.12%,良好,2.64%,一般,7.68%,优秀,10.72%,优秀,---,,80.0,65.0,80.0,85.0,80.0
013428,东兴鑫享6个月滚,司马义买买提,东兴,21.76亿元,76.0,51,80.0,75.89999999999999,3,3,3,5,1.44%,一般,1.47%,一般,3.17%,不佳,8.87%,良好,13.95%,优秀,---,,85.0,70.0,80.0,80.0,85.0
000911,鑫元合丰纯债A,刘丽娟,鑫元,50.84亿元,76.0,72,79.5,77.7,5,4,4,3,1.41%,一般,1.79%,一般,5.19%,良好,9.34%,良好,11.55%,良好,18.97%,良好,75.0,80.0,80.0,75.0,85.0
006337,华安安浦债券A,李振宇,华安,45.21亿元,84.00000000000001,82,73.0,77.2,5,4,4,4,1.90%,良好,1.83%,一般,4.43%,良好,9.93%,优秀,12.83%,优秀,20.77%,优秀,70.0,75.0,70.0,75.0,90.0
006288,永赢盛益债券C,章成,永赢,1.06亿元,84.00000000000001,100,72.5,78.7,4,3,4,5,2.28%,优秀,3.10%,优秀,6.79%,优秀,10.54%,优秀,12.92%,优秀,21.67%,优秀,70.0,90.0,70.0,70.0,75.0
009349,前海联合添泽债券,孙连玉,前海联合,0.03亿元,84.00000000000001,100,67.5,75.7,4,4,3,5,5.53%,优秀,9.07%,优秀,11.26%,优秀,13.24%,优秀,15.85%,优秀,---,,85.0,100.0,60.0,65.0,65.0
900026,中信证券信盈一年,田宇,中信证券资产管理,17.09亿元,76.0,66,84.0,79.8,3,3,3,5,1.07%,不佳,1.69%,一般,5.10%,良好,11.48%,优秀,13.05%,优秀,---,,80.0,85.0,85.0,80.0,85.0
010310,德邦锐裕利率债债,张旭,德邦,1.79亿元,64.0,100,73.5,73.3,1,3,2,5,9.82%,优秀,10.31%,优秀,11.91%,优秀,15.64%,优秀,18.16%,优秀,---,,85.0,100.0,70.0,65.0,65.0
007447,平安惠泰纯债A,张文平,平安,115.39亿元,80.0,90,80.5,81.3,5,4,3,4,1.67%,良好,2.36%,良好,6.76%,优秀,9.65%,良好,12.71%,优秀,21.79%,优秀,80.0,90.0,80.0,70.0,85.0
003838,东方臻享纯债债券,车日楠,东方,4.38亿元,72.0,32,76.5,70.7,2,3,3,5,1.25%,一般,1.11%,不佳,3.42%,不佳,10.19%,优秀,13.03%,优秀,15.78%,不佳,85.0,70.0,75.0,80.0,80.0
005909,华泰保兴尊利债券,张挺,华泰保兴,8.06亿元,84.00000000000001,100,68.0,76.0,4,3,4,5,3.82%,优秀,7.29%,优秀,14.80%,优秀,13.62%,优秀,12.69%,优秀,28.04%,优秀,85.0,100.0,60.0,60.0,75.0
519726,交银稳固收益债券,姜承操,交银,1.99亿元,80.0,82,65.5,71.5,4,3,3,5,3.12%,优秀,7.45%,优秀,8.43%,良好,3.19%,一般,10.54%,优秀,17.23%,良好,70.0,85.0,60.0,60.0,80.0
970086,华安证券合赢三个,樊艳,华安证券资管,5.41亿元,76.0,42,82.5,76.5,3,3,3,5,0.65%,一般,0.83%,不佳,2.58%,不佳,8.23%,优秀,11.09%,优秀,---,,90.0,65.0,85.0,85.0,75.0
010856,民生加银恒泽债券,关键,民生,81.72亿元,84.00000000000001,100,73.5,79.30000000000001,4,3,4,5,2.91%,优秀,3.48%,优秀,7.44%,优秀,11.92%,优秀,14.09%,优秀,---,,60.0,90.0,70.0,70.0,95.0
161115,易方达岁丰添利债,胡剑,易方达,116.15亿元,80.0,82,78.5,79.3,4,4,4,4,1.95%,良好,2.65%,良好,5.80%,良好,8.44%,良好,10.69%,良好,33.03%,优秀,80.0,85.0,75.0,70.0,100.0
100018,富国天利增长债券,黄纪亮,富国,94.85亿元,80.0,82,78.0,79.0,4,4,4,4,2.30%,良好,3.20%,良好,5.09%,良好,9.08%,良好,10.28%,良好,22.34%,优秀,80.0,80.0,75.0,70.0,100.0
270046,广发景荣纯债,曾雪兰,广发,69.43亿元,80.0,48,80.0,76.8,4,4,4,4,1.36%,一般,1.63%,一般,4.00%,一般,8.64%,良好,11.04%,良好,---,,75.0,75.0,80.0,80.0,90.0
001960,兴银瑞益,陶国峰,兴银,37.02亿元,80.0,40,77.0,74.19999999999999,4,4,4,4,1.28%,一般,1.27%,不佳,3.86%,一般,9.52%,良好,11.90%,优秀,20.83%,优秀,80.0,75.0,75.0,80.0,85.0
002268,兴业丰利债券,伍方方,兴业,44.18亿元,80.0,74,77.0,77.6,4,4,4,4,1.60%,一般,1.77%,一般,4.58%,良好,9.52%,良好,12.15%,优秀,20.43%,良好,75.0,80.0,75.0,80.0,85.0
001235,中银国有企业债A,王晓彦,中银,17.70亿元,80.0,100,78.0,80.8,4,4,4,4,3.01%,优秀,4.87%,优秀,8.45%,优秀,11.00%,优秀,12.61%,优秀,26.00%,优秀,90.0,90.0,75.0,70.0,80.0
675111,西部利得汇享债券,严志勇,西部利得,41.88亿元,80.0,96,74.0,78.0,4,4,4,4,2.52%,良好,4.43%,优秀,7.07%,优秀,9.97%,优秀,11.74%,优秀,24.58%,优秀,80.0,85.0,70.0,70.0,85.0
675100,西部利得得尊纯债,严志勇,西部利得,17.15亿元,80.0,84,76.0,78.0,4,4,4,4,2.33%,良好,3.26%,良好,5.91%,良好,9.08%,良好,10.99%,优秀,22.60%,优秀,80.0,80.0,75.0,70.0,80.0
002073,圆信永丰兴融A,林铮,圆信永丰,17.61亿元,80.0,26,77.0,72.79999999999998,4,4,4,4,1.08%,不佳,1.16%,不佳,3.61%,一般,8.72%,良好,11.66%,良好,24.76%,优秀,85.0,75.0,75.0,80.0,80.0
003407,景顺长城景泰丰利,陈静,景顺长城,72.93亿元,80.0,100,75.0,79.0,4,4,4,4,3.22%,优秀,3.64%,优秀,8.30%,优秀,12.28%,优秀,14.19%,优秀,22.59%,优秀,70.0,95.0,70.0,70.0,95.0
005171,富国景利纯债债券,朱梦娜,富国,51.49亿元,80.0,74,77.5,77.9,4,4,4,4,1.63%,一般,1.71%,一般,4.50%,良好,9.74%,优秀,11.79%,良好,20.05%,良好,75.0,80.0,75.0,80.0,90.0
004920,富国泓利纯债债券,武磊,富国,57.74亿元,80.0,82,75.5,77.5,4,4,4,4,2.06%,良好,2.19%,良好,4.53%,良好,9.34%,良好,11.63%,良好,21.39%,优秀,80.0,80.0,70.0,75.0,100.0
006043,永赢惠益债券A,吴玮,永赢,125.42亿元,80.0,100,75.0,79.0,4,4,4,4,2.82%,优秀,3.52%,优秀,7.29%,优秀,11.69%,优秀,14.09%,优秀,21.61%,优秀,70.0,90.0,70.0,70.0,100.0
006422,嘉合磐稳纯债A,李超,嘉合,0.05亿元,80.0,74,74.5,76.1,4,4,4,4,1.74%,良好,1.96%,良好,5.05%,良好,8.90%,良好,12.34%,优秀,18.39%,一般,75.0,80.0,75.0,75.0,65.0
006513,鹏扬淳享债券A,王黎骁,鹏扬,10.42亿元,80.0,94,79.5,81.1,4,4,4,4,2.07%,良好,2.59%,优秀,5.73%,优秀,9.70%,良好,12.57%,优秀,21.03%,优秀,75.0,85.0,80.0,75.0,80.0
006850,永赢颐利债券,牟琼屿,永赢,22.90亿元,80.0,82,77.0,78.39999999999999,4,4,4,4,1.68%,良好,1.68%,一般,4.74%,良好,10.25%,优秀,12.49%,优秀,20.89%,优秀,80.0,80.0,75.0,75.0,85.0
006901,上银慧祥利债券A,葛沁沁,上银,62.96亿元,80.0,92,77.5,79.7,4,4,4,4,1.97%,良好,2.28%,良好,5.62%,优秀,10.76%,优秀,12.50%,优秀,20.76%,优秀,75.0,85.0,75.0,75.0,90.0
006558,永赢通益债券A,牟琼屿,永赢,24.72亿元,80.0,48,77.0,74.99999999999999,4,4,4,4,1.27%,一般,1.41%,一般,4.16%,一般,8.78%,良好,11.43%,良好,20.16%,良好,80.0,75.0,75.0,80.0,85.0
007295,天弘安益债券A,赵鼎龙,天弘,57.58亿元,80.0,82,72.5,75.7,4,4,4,4,1.98%,良好,1.63%,一般,4.94%,良好,10.02%,优秀,12.32%,优秀,20.92%,优秀,65.0,80.0,70.0,70.0,90.0
007105,国泰丰鑫纯债债券,刘嵩扬,国泰,39.76亿元,80.0,48,77.5,75.3,4,4,4,4,1.42%,一般,1.60%,一般,3.96%,一般,9.65%,良好,11.60%,良好,19.71%,良好,85.0,75.0,75.0,80.0,85.0
007321,鹏华金利债券A,邓明明,鹏华,72.55亿元,80.0,84,77.0,78.6,4,4,4,4,1.95%,良好,2.33%,良好,4.78%,良好,10.79%,优秀,11.68%,良好,21.21%,优秀,75.0,80.0,75.0,75.0,90.0
007536,博时富乐纯债债券,胥艺,博时,12.00亿元,80.0,86,75.0,77.6,4,4,4,4,1.94%,良好,1.97%,良好,4.72%,良好,9.83%,优秀,12.22%,优秀,21.54%,优秀,65.0,80.0,75.0,75.0,80.0
007196,平安惠合纯债,高勇标,平安,10.33亿元,80.0,78,76.0,77.39999999999999,4,4,4,4,1.72%,良好,1.69%,一般,4.82%,良好,9.83%,优秀,11.60%,良好,19.32%,良好,75.0,80.0,75.0,75.0,80.0
007985,博时富悦纯债A,王帅,博时,15.77亿元,80.0,90,72.5,76.5,4,4,4,4,2.26%,优秀,2.25%,良好,4.88%,良好,10.22%,优秀,12.12%,优秀,21.52%,优秀,70.0,80.0,70.0,75.0,80.0
007716,嘉实致华纯债债券,王立芹,嘉实,33.45亿元,80.0,98,72.5,77.3,4,4,4,4,2.78%,优秀,2.54%,优秀,5.87%,优秀,11.95%,优秀,12.99%,优秀,19.23%,良好,65.0,85.0,70.0,70.0,85.0
008302,永赢易弘债券A,陶毅,永赢,54.16亿元,80.0,94,76.5,79.30000000000001,4,4,4,4,2.38%,优秀,3.08%,优秀,5.76%,优秀,9.40%,良好,11.33%,良好,---,,80.0,80.0,75.0,70.0,85.0
008409,景顺长城景泰裕利,彭成军,景顺长城,167.16亿元,80.0,80,75.5,77.3,4,4,4,4,1.86%,良好,2.06%,良好,4.82%,良好,9.48%,良好,11.64%,良好,---,,80.0,80.0,70.0,75.0,100.0
008465,蜂巢添益纯债A,金之洁,蜂巢,14.96亿元,80.0,24,76.5,72.30000000000001,4,4,4,4,1.30%,一般,1.31%,不佳,3.51%,不佳,8.19%,一般,11.03%,良好,---,,85.0,70.0,75.0,80.0,80.0
009831,长城稳利纯债A,吴冰燕,长城,10.68亿元,80.0,42,73.0,72.0,4,4,4,4,1.56%,一般,1.13%,不佳,4.12%,一般,9.74%,优秀,12.52%,优秀,---,,80.0,75.0,70.0,75.0,80.0
006066,中加颐睿纯债债券,于跃,中加,32.51亿元,80.0,52,73.0,73.0,4,4,4,4,1.79%,良好,1.37%,一般,3.83%,一般,8.77%,良好,11.09%,良好,19.91%,良好,70.0,75.0,70.0,75.0,90.0
