代码,简称,单位净值,累计净值,日增长率,近1周,近1月,近3月,近6月,近1年,近2年,近3年,今年来,成立来
014418,西部利得CES芯片指数增强A,0.8116,0.8116,0.73%,0.57%,-1.01%,6.5%,40.17%,51.02%,20.02%,-10.04%,0.98%,-18.84%
014419,西部利得CES芯片指数增强C,0.8017,0.8017,0.74%,0.58%,-1.05%,6.4%,39.91%,50.44%,19.07%,-11.1%,0.97%,-19.83%
012319,东财消费电子增强A,0.877,0.877,2.11%,4.57%,4.05%,9.61%,29.58%,46.26%,18.43%,-15.35%,5.89%,-12.3%
012320,东财消费电子增强C,0.8684,0.8684,2.1%,4.56%,4.01%,9.52%,29.38%,45.83%,17.73%,-16.1%,5.86%,-13.16%
014193,汇添富中证芯片产业指数增强发起式A,0.8281,0.8281,0.72%,-0.06%,-1.99%,5.94%,35.22%,45.69%,16.39%,-6.15%,0.44%,-17.19%
014194,汇添富中证芯片产业指数增强发起式C,0.8204,0.8204,0.72%,-0.06%,-2.02%,5.86%,35.02%,45.25%,15.7%,-6.98%,0.42%,-17.96%
014854,嘉实中证半导体指数增强发起式A,1.2286,1.2286,0.53%,-0.1%,-3.31%,1.59%,30.16%,41.54%,6.62%,,0.43%,22.86%
014855,嘉实中证半导体指数增强发起式C,1.2202,1.2202,0.53%,-0.11%,-3.33%,1.51%,29.99%,41.19%,6.09%,,0.41%,22.02%
011832,西部利得人工智能主题指数增强A,0.9568,0.9568,2.1%,4.43%,-2.04%,7.42%,34.95%,40.6%,13.54%,-6.05%,1.3%,-4.32%
011833,西部利得人工智能主题指数增强C,0.9431,0.9431,2.1%,4.43%,-2.07%,7.32%,34.67%,40.03%,12.64%,-7.17%,1.28%,-5.69%
012321,东财云计算增强A,1.0312,1.0312,3.44%,5.55%,-2.46%,5.81%,38.19%,39.46%,19.34%,3.62%,0.94%,3.12%
012322,东财云计算增强C,1.0205,1.0205,3.44%,5.53%,-2.49%,5.72%,37.96%,39.03%,18.61%,2.69%,0.92%,2.05%
008072,景顺长城创业板综指增强A,1.4465,1.4465,2.1%,3.11%,-1.89%,3.84%,39.81%,35.2%,5.61%,-9.65%,1.69%,44.65%
019239,景顺长城创业板综指增强C,1.438,1.438,2.09%,3.1%,-1.92%,3.74%,39.54%,34.68%,,,1.66%,17.59%
012212,天弘中证高端装备制造指数增强A,0.8471,0.8471,1.36%,2.23%,-1.05%,2.72%,23.16%,32.75%,3.68%,-13.75%,0.47%,-15.29%
012213,天弘中证高端装备制造指数增强C,0.8394,0.8394,1.36%,2.24%,-1.07%,2.65%,22.99%,32.38%,3.07%,-14.51%,0.47%,-16.06%
016936,博时中证1000指数增强A,1.1221,1.1221,1.6%,2.25%,-1.02%,7.63%,33.92%,31.39%,,,1.44%,12.21%
016729,长信中证科创创业50指数增强A,1.0127,1.0127,1.23%,2.29%,-2.02%,1.01%,29.39%,31.04%,-5.05%,,-0.15%,1.27%
016937,博时中证1000指数增强C,1.1161,1.1161,1.61%,2.25%,-1.05%,7.54%,33.71%,31%,,,1.42%,11.61%
018177,华夏上证科创板50成份指数增强发起式A,1.0742,1.0742,0.85%,1.05%,-3.24%,1.11%,35.53%,30.47%,,,-0.99%,7.42%
016730,长信中证科创创业50指数增强C,1.0034,1.0034,1.22%,2.28%,-2.06%,0.91%,29.1%,30.43%,-5.89%,,-0.18%,0.34%
019918,招商中证2000指数增强A,1.2009,1.2009,1.56%,2.38%,0.87%,12.01%,43.85%,30.19%,,,4.06%,20.09%
018178,华夏上证科创板50成份指数增强发起式C,1.0678,1.0678,0.86%,1.05%,-3.27%,1%,35.25%,29.97%,,,-1.01%,6.78%
019919,招商中证2000指数增强C,1.1971,1.1971,1.56%,2.37%,0.83%,11.92%,43.62%,29.81%,,,4.03%,19.71%
015867,国泰君安中证1000指数增强A,1.0612,1.0612,1.74%,1.68%,-2.11%,7.91%,35.27%,29.27%,8.93%,,0.68%,6.12%
011667,东财高端制造增强A,0.8646,0.8646,1.42%,1.8%,-2.16%,-0.05%,19.97%,29.18%,-10.8%,-27.87%,-0.53%,-13.54%
011668,东财高端制造增强C,0.8548,0.8548,1.42%,1.81%,-2.17%,-0.12%,19.79%,28.79%,-11.34%,-28.51%,-0.55%,-14.52%
015868,国泰君安中证1000指数增强C,1.0509,1.0509,1.73%,1.67%,-2.15%,7.81%,35.01%,28.76%,8.06%,,0.65%,5.09%
017188,嘉实上证科创板50指数增强发起式A,1.0523,1.0523,1.03%,0.94%,-1.7%,3.95%,38.15%,28.75%,-2.06%,,-0.13%,5.23%
017189,嘉实上证科创板50指数增强发起式C,1.047,1.047,1.03%,0.94%,-1.72%,3.88%,37.98%,28.43%,-2.53%,,-0.15%,4.7%
019318,汇添富国证2000指数增强A,1.1346,1.1346,1.1%,1.19%,-0.85%,10.75%,37.74%,28.3%,,,1.06%,13.46%
019319,汇添富国证2000指数增强C,1.1291,1.1291,1.09%,1.18%,-0.88%,10.64%,37.46%,27.78%,,,1.04%,12.91%
010736,易方达沪深300指数增强A,0.7801,0.7801,0.45%,2.13%,-1.27%,-3.2%,9.92%,26.87%,-3.45%,-10.13%,-0.52%,-21.99%
014218,汇添富中证科创创业50指数增强发起式A,0.8994,0.8994,0.83%,1.62%,-2.73%,-1.48%,25.83%,26.64%,-14.55%,,0.03%,-10.06%
010737,易方达沪深300指数增强C,0.7703,0.7703,0.44%,2.12%,-1.29%,-3.28%,9.81%,26.44%,-4.07%,-10.97%,-0.54%,-22.97%
014219,汇添富中证科创创业50指数增强发起式C,0.8931,0.8931,0.82%,1.62%,-2.75%,-1.55%,25.66%,26.3%,-14.98%,,0.01%,-10.69%
161613,融通创业板指数A,0.771,2.383,1.31%,2.53%,-3.75%,-2.03%,28.29%,26.19%,-16.2%,-28.81%,-0.77%,144.67%
016122,华富中证科创创业50指数增强A,0.8779,0.8779,1.05%,1.82%,-1.97%,-0.23%,22.7%,26.14%,-15.68%,,0.56%,-12.21%
014201,天弘中证1000指数增强A,1.0365,1.0365,1.22%,1.27%,-2.29%,4.29%,31.5%,25.82%,3.49%,6.44%,0.83%,3.65%
004870,融通创业板指数C,0.719,1.111,1.27%,2.57%,-3.88%,-2.18%,27.94%,25.7%,-16.88%,-29.72%,-0.83%,11.04%
010202,天弘中证科技100指数增强发起A,1.1278,1.1278,1.66%,2.6%,-0.4%,2.7%,20.34%,25.65%,4.01%,-7.78%,1.81%,12.78%
016123,华富中证科创创业50指数增强C,0.8695,0.8695,1.06%,1.81%,-2%,-0.32%,22.45%,25.63%,-16.35%,,0.54%,-13.05%
014202,天弘中证1000指数增强C,1.0271,1.0271,1.22%,1.26%,-2.32%,4.21%,31.31%,25.44%,2.87%,5.5%,0.8%,2.71%
003957,安信量化精选沪深300增强A,1.5712,1.5712,1.05%,0.24%,-1.9%,1.77%,17.41%,25.35%,1.72%,-10.36%,-1.26%,57.12%
017892,鹏华国证2000指数增强A,1.0784,1.0784,1.61%,2.25%,0.84%,12.2%,39.44%,25.31%,,,2.82%,7.84%
010203,天弘中证科技100指数增强发起C,1.1135,1.1135,1.65%,2.59%,-0.43%,2.61%,20.14%,25.27%,3.39%,-8.61%,1.78%,11.35%
017094,易方达中证1000量化增强A,1.0256,1.0256,1.93%,2.23%,-1.58%,6.62%,34.59%,25.26%,,,1.55%,2.56%
003958,安信量化精选沪深300增强C,1.5407,1.5407,1.05%,0.24%,-1.92%,1.73%,17.3%,25.1%,1.32%,-10.9%,-1.28%,54.07%
016785,鹏华中证1000指数增强A,1.1052,1.1052,1.7%,1.87%,-0.3%,9.87%,32.34%,24.99%,4.61%,,1.44%,10.52%
161037,富国中证高端制造指数增强型(LOF)A,1.7087,1.7087,1.3%,1.97%,-0.86%,2.87%,21.23%,24.95%,-5.49%,-20.04%,0.8%,70.87%
019993,创金合信北证50成份指数增强A,1.2459,1.2459,0.52%,-3.34%,-4.71%,-10.67%,55.8%,24.89%,,,3.9%,24.59%
017893,鹏华国证2000指数增强C,1.0701,1.0701,1.61%,2.24%,0.81%,12.1%,39.15%,24.81%,,,2.8%,7.01%
017095,易方达中证1000量化增强C,1.0184,1.0184,1.92%,2.23%,-1.62%,6.5%,34.32%,24.76%,,,1.53%,1.84%
005627,富国中证高端制造指数增强型(LOF)C,1.6983,1.6983,1.3%,1.96%,-0.88%,2.82%,21.1%,24.71%,-5.87%,,0.78%,-18.68%
004945,长信中证500指数增强A,1.4362,1.4362,0.96%,1.58%,-1.78%,1.86%,20.69%,24.7%,-3.66%,-12.39%,-0.1%,43.61%
019994,创金合信北证50成份指数增强C,1.2419,1.2419,0.51%,-3.35%,-4.75%,-10.74%,55.57%,24.5%,,,3.87%,24.19%
016786,鹏华中证1000指数增强C,1.0959,1.0959,1.7%,1.86%,-0.34%,9.75%,32.07%,24.48%,3.76%,,1.41%,9.59%
013881,长信中证500指数增强C,1.4167,1.4167,0.95%,1.58%,-1.82%,1.75%,20.45%,24.18%,-4.51%,-13.51%,-0.13%,-12.97%
009981,万家创业板指数增强A,0.7953,0.7953,0.96%,2.67%,-1.58%,-0.51%,25.68%,24.15%,-12.87%,-21.71%,1.65%,-20.47%
017644,博道中证1000指数增强A,1.0879,1.0879,1.49%,1.62%,-0.64%,9.41%,30.99%,24.06%,,,0.84%,8.79%
004513,海富通沪深300指数增强A,1.1531,1.4231,0.78%,0.44%,-3.89%,-0.77%,13.47%,24.04%,1.03%,-7.72%,-2.76%,40.81%
019013,景顺长城国证2000指数增强A,1.0721,1.0721,1.75%,1.91%,-1.71%,7.31%,33.06%,24.03%,,,0.72%,7.21%
018579,鑫元国证2000指数增强A,1.0206,1.0206,1.64%,1.96%,-2%,6.4%,35.38%,23.99%,,,1.53%,2.06%
004512,海富通沪深300指数增强C,1.2021,1.4851,0.79%,0.43%,-3.89%,-0.79%,13.42%,23.93%,0.83%,-7.99%,-2.76%,47.6%
018663,中欧国证2000指数增强A,1.0315,1.0539,1.18%,1.55%,-2%,9.99%,36.94%,23.93%,,,0.54%,5.34%
017067,申万菱信中证1000指数增强A,0.9874,0.9874,1.37%,2.26%,-0.13%,7.02%,29.82%,23.7%,,,1.86%,-1.26%
009982,万家创业板指数增强C,0.7827,0.7827,0.97%,2.66%,-1.61%,-0.61%,25.43%,23.65%,-13.57%,-22.65%,1.62%,-21.73%
017645,博道中证1000指数增强C,1.0816,1.0816,1.5%,1.62%,-0.67%,9.31%,30.74%,23.55%,,,0.82%,8.16%
019014,景顺长城国证2000指数增强C,1.0661,1.0661,1.75%,1.9%,-1.74%,7.19%,32.8%,23.52%,,,0.7%,6.61%
001015,华夏沪深300指数增强A,1.814,1.814,0.83%,1%,-2.37%,-0.71%,15.98%,23.49%,-3.05%,-11.47%,-1.36%,81.4%
018580,鑫元国证2000指数增强C,1.0146,1.0146,1.64%,1.95%,-2.04%,6.29%,35.1%,23.49%,,,1.5%,1.46%
015507,兴业中证500指数增强A,0.983,0.983,1.2%,1.4%,-2.6%,1.2%,18.62%,23.45%,-0.54%,,-0.53%,-1.7%
015495,景顺长城中证1000指数增强A,1.0593,1.0593,1.79%,1.62%,-2.4%,4.8%,29.58%,23.3%,-0.26%,,0.16%,5.93%
018257,国泰君安沪深300指数增强发起A,1.0348,1.0348,0.78%,0.87%,-3.06%,-0.77%,14.01%,23.28%,,,-1.83%,3.48%
017068,申万菱信中证1000指数增强C,0.9797,0.9797,1.37%,2.24%,-0.16%,6.91%,29.56%,23.2%,,,1.82%,-2.03%
018664,中欧国证2000指数增强C,1.0221,1.0443,1.18%,1.53%,-2.04%,9.81%,36.53%,23.19%,,,0.5%,4.38%
016392,易米中证科创创业50指数增强发起A,0.9272,0.9272,1.06%,1.67%,-3.24%,-2.45%,25.43%,23.17%,-7.49%,,-0.56%,-7.28%
015794,天弘创业板指数增强A,0.8211,0.8211,1.13%,2.37%,-2.66%,-1.51%,24.9%,23.14%,-16.39%,,0.23%,-17.89%
015508,兴业中证500指数增强C,0.9753,0.9753,1.2%,1.39%,-2.62%,1.13%,18.45%,23.08%,-1.13%,,-0.55%,-2.47%
018013,长信中证1000指数增强A,1.0319,1.0319,1.62%,2.06%,-0.58%,7.27%,26.3%,23.02%,,,1.48%,3.19%
007044,博道沪深300指数增强A,1.4226,1.4226,0.62%,0.98%,-2.44%,-0.21%,13.77%,22.92%,4.57%,-7.55%,-1.96%,42.26%
001016,华夏沪深300指数增强C,1.725,1.725,0.82%,0.94%,-2.43%,-0.86%,15.62%,22.86%,-4.06%,-12.79%,-1.43%,72.5%
015496,景顺长城中证1000指数增强C,1.0478,1.0478,1.79%,1.62%,-2.42%,4.7%,29.33%,22.82%,-1.05%,,0.14%,4.78%
012900,招商创业板指数增强A,0.59,0.59,1.11%,2.29%,-2.29%,0.29%,24.97%,22.81%,-16.17%,-33.65%,0.34%,-41%
018258,国泰君安沪深300指数增强发起C,1.0275,1.0275,0.78%,0.86%,-3.09%,-0.87%,13.77%,22.79%,,,-1.86%,2.75%
015795,天弘创业板指数增强C,0.8151,0.8151,1.13%,2.36%,-2.69%,-1.59%,24.71%,22.76%,-16.89%,,0.2%,-18.49%
017412,创金合信中证科创创业50指数增强A,0.8958,0.8958,0.88%,1.69%,-2.52%,-0.74%,25.39%,22.75%,,,-0.2%,-10.42%
016393,易米中证科创创业50指数增强发起C,0.9196,0.9196,1.05%,1.66%,-3.27%,-2.55%,25.18%,22.68%,-8.23%,,-0.59%,-8.04%
014155,国泰君安中证500指数增强A,0.9728,0.9728,1.21%,1.38%,-3.06%,1.41%,23.44%,22.61%,1.66%,-0.73%,-0.37%,-2.72%
018014,长信中证1000指数增强C,1.0247,1.0247,1.63%,2.05%,-0.61%,7.15%,26.04%,22.53%,,,1.46%,2.47%
017413,创金合信中证科创创业50指数增强C,0.8915,0.8915,0.87%,1.69%,-2.55%,-0.81%,25.23%,22.44%,,,-0.22%,-10.85%
007045,博道沪深300指数增强C,1.3903,1.3903,0.62%,0.97%,-2.48%,-0.31%,13.54%,22.43%,3.74%,-8.65%,-1.99%,39.03%
015784,中信建投中证1000指数增强A,1.0403,1.0403,1.57%,1.68%,-1.92%,5.94%,28.99%,22.39%,3.85%,,0.47%,4.03%
005137,长信沪深300指数增强A,1.1673,1.4479,0.7%,1.77%,-1.03%,-0.77%,12.85%,22.38%,1.21%,-9.02%,-0.2%,41.27%
007275,银河沪深300指数增强A,1.3641,1.4261,0.86%,1%,-2.47%,0.42%,14.77%,22.36%,0.1%,-9.08%,-1.41%,42.71%
012901,招商创业板指数增强C,0.5826,0.5826,1.11%,2.28%,-2.31%,0.19%,24.73%,22.34%,-16.84%,-34.44%,0.31%,-41.74%
006593,博道中证500增强A,1.6943,1.9743,0.94%,0.74%,-1.65%,3.5%,23.28%,22.31%,-0.29%,-10.91%,-0.27%,104.99%
014156,国泰君安中证500指数增强C,0.9608,0.9608,1.21%,1.37%,-3.09%,1.31%,23.21%,22.13%,0.85%,-1.92%,-0.38%,-3.92%
019555,中银中证1000指数增强A,1.1909,1.1909,1.38%,1.32%,-1.93%,4.76%,28.08%,22.11%,,,0.24%,19.09%
006594,博道中证500增强C,1.6612,1.9412,0.94%,0.74%,-1.68%,3.42%,23.09%,21.94%,-0.89%,-11.7%,-0.29%,101.3%
007448,长信沪深300指数增强C,1.1391,1.4163,0.7%,1.76%,-1.06%,-0.87%,12.61%,21.91%,0.4%,-10.1%,-0.23%,45.52%
015785,中信建投中证1000指数增强C,1.0296,1.0296,1.57%,1.67%,-1.96%,5.83%,28.72%,21.89%,3.02%,,0.44%,2.96%
162216,宏利500指数增强(LOF),1.3009,2.4792,0.88%,1.51%,-1.37%,4.9%,23.3%,21.75%,-5.42%,-14.75%,0.6%,207.89%
007276,银河沪深300指数增强C,1.3273,1.3883,0.86%,0.99%,-2.51%,0.29%,14.47%,21.74%,-0.9%,-10.44%,-1.44%,38.85%
019556,中银中证1000指数增强C,1.186,1.186,1.38%,1.31%,-1.96%,4.66%,27.83%,21.64%,,,0.22%,18.6%
018062,华泰紫金中证1000指数增强发起A,1.0182,1.0182,1.57%,1.37%,-1.49%,5.71%,28.2%,21.63%,,,0.67%,1.82%
166802,浙商沪深300指数增强(LOF)A,1.769,1.924,0.73%,0.49%,-2.81%,-1.27%,13.51%,21.58%,-2.35%,-13.28%,-1.84%,103.65%
320014,诺安沪深300指数增强A,1.5226,1.5594,0.61%,0.24%,-3.61%,-1.38%,12.29%,21.31%,-0.5%,-9.54%,-2.61%,55.94%
015466,太平中证1000指数增强A,1.1432,1.1432,1.37%,0.35%,-2.95%,3.62%,30.22%,21.28%,7.34%,,0.09%,14.32%
017953,汇添富中证1000指数增强A,1.0569,1.0569,1.29%,1.47%,-1.27%,7.23%,31.77%,21.2%,,,0.68%,5.69%
018370,华夏创业板指数增强A,1.0566,1.0566,1.15%,1.75%,-2.72%,0.62%,26.92%,21.16%,,,0.16%,5.66%
018063,华泰紫金中证1000指数增强发起C,1.0116,1.0116,1.57%,1.37%,-1.52%,5.62%,27.95%,21.15%,,,0.66%,1.16%
019240,华泰柏瑞中证1000指数增强A,1.0459,1.0459,1.54%,1.06%,-3.37%,7.03%,34%,20.97%,,,-0.37%,4.59%
014372,浙商沪深300指数增强(LOF)C,1.745,1.745,0.73%,0.49%,-2.86%,-1.4%,13.22%,20.95%,-3.38%,-14.44%,-1.87%,-13.16%
009726,招商中证500等权重指数增强A,1.3076,1.3076,1.25%,1.03%,-2.04%,2.05%,21.1%,20.94%,3.01%,3.2%,0.06%,30.76%
017190,鑫元中证1000指数增强发起式A,1.0566,1.0566,1.29%,0.99%,-3.61%,5.6%,29.9%,20.92%,2.09%,,-0.71%,5.66%
017954,汇添富中证1000指数增强C,1.0523,1.0523,1.29%,1.47%,-1.29%,7.17%,31.6%,20.9%,,,0.66%,5.23%
010352,诺安沪深300指数增强C,1.4985,1.4985,0.61%,0.23%,-3.64%,-1.48%,12.07%,20.84%,-1.28%,-10.61%,-2.63%,0.11%
005113,平安沪深300指数量化A,1.2481,1.2481,0.98%,1%,-2.47%,0.4%,14.78%,20.82%,-5.9%,-15.18%,-1.34%,24.81%
015467,太平中证1000指数增强C,1.1305,1.1305,1.38%,0.36%,-2.98%,3.52%,29.96%,20.79%,6.48%,,0.07%,13.05%
014125,华夏中证1000指数增强A,0.9406,0.9406,1.82%,1.94%,-1.37%,3.7%,24.27%,20.74%,-0.62%,-2.66%,1.01%,-5.94%
019185,泰康中证1000指数增强发起A,1.0516,1.0516,1.53%,1.96%,-1.43%,4.22%,27.57%,20.68%,,,0.81%,5.16%
018371,华夏创业板指数增强C,1.0509,1.0509,1.15%,1.74%,-2.74%,0.53%,26.66%,20.67%,,,0.14%,5.09%
015453,中欧中证500指数增强A,0.9898,0.9898,0.9%,1.54%,-0.8%,1.03%,23.69%,20.65%,-0.01%,,1.13%,-1.02%
013639,光大中证500指数增强A,0.9378,0.9378,1.08%,0.71%,-3.07%,1.9%,16.14%,20.59%,3.84%,-2.71%,-1.42%,-6.22%
161607,融通巨潮100指数A(LOF),0.969,3.144,0.73%,0.73%,-3.49%,-2.32%,11.89%,20.52%,-4.06%,-14.17%,-2.81%,435.23%
018661,大成中证1000指数增强发起式A,1.0265,1.0265,1.86%,2.01%,-3.44%,9.56%,37.55%,20.52%,,,-0.23%,2.65%
011545,长江沪深300指数增强发起式A,0.7892,0.7892,0.83%,0.51%,-2.33%,-1.33%,11%,20.49%,-2.01%,-14.75%,-1.08%,-21.08%
019241,华泰柏瑞中证1000指数增强C,1.0403,1.0403,1.55%,1.06%,-3.4%,6.93%,33.75%,20.49%,,,-0.39%,4.03%
017191,鑫元中证1000指数增强发起式C,1.0474,1.0474,1.29%,0.98%,-3.64%,5.49%,29.63%,20.43%,1.27%,,-0.74%,4.74%
006020,广发沪深300指数增强A,1.4156,1.4156,0.9%,0.7%,-2.73%,-0.32%,12.77%,20.38%,-7.26%,-18.22%,-1.39%,41.55%
005530,汇添富沪深300指数增强A,1.3306,1.5405,0.78%,0.88%,-2.69%,-0.46%,13.05%,20.33%,3.35%,-5.25%,-1.87%,56.97%
016204,东方沪深300指数增强A,1.0563,1.0563,0.59%,1.33%,-1.85%,-1.34%,9.14%,20.32%,0.35%,,-0.63%,5.63%
014126,华夏中证1000指数增强C,0.9289,0.9289,1.81%,1.93%,-1.41%,3.6%,24.02%,20.26%,-1.42%,-3.82%,0.98%,-7.11%
001879,长城创业板指数增强A,1.574,1.574,1.16%,2.43%,-3.42%,-2.28%,25.84%,20.22%,-23.89%,-34.75%,-0.06%,57.4%
005114,平安沪深300指数量化C,1.1995,1.1995,0.98%,0.99%,-2.51%,0.28%,14.49%,20.21%,-6.83%,-16.45%,-1.37%,19.95%
019186,泰康中证1000指数增强发起C,1.0463,1.0463,1.52%,1.95%,-1.48%,4.11%,27.3%,20.2%,,,0.78%,4.63%
008238,中泰沪深300增强A,1.3813,1.3813,0.7%,0.64%,-3.05%,-1.71%,12.93%,20.19%,-0.94%,-8.87%,-2.06%,38.13%
018786,招商国证2000指数增强A,1.0759,1.0759,1.1%,1.2%,-1.85%,6.96%,28.45%,20.17%,,,0.2%,7.59%
013640,光大中证500指数增强C,0.9249,0.9249,1.07%,0.71%,-3.1%,1.78%,15.89%,20.09%,3%,-3.88%,-1.44%,-7.51%
004874,融通巨潮100指数C,0.844,1.569,0.72%,0.72%,-3.54%,-2.43%,11.64%,20.06%,-4.85%,-15.18%,-2.76%,38.69%
019694,中欧中证500指数增强E,0.9839,0.9839,0.9%,1.53%,-0.85%,0.91%,23.42%,20.06%,,,1.1%,10.66%
009059,南方沪深300增强A,1.176,1.176,0.7%,1.31%,-2%,-0.53%,11.99%,20.05%,-1.18%,-16.39%,-1.26%,17.6%
002310,创金合信沪深300指数增强A,1.3996,1.5376,0.63%,0.39%,-4.2%,-1.16%,14.2%,20.04%,-1.09%,-11.89%,-2.99%,58.33%
018662,大成中证1000指数增强发起式C,1.0204,1.0204,1.85%,1.99%,-3.47%,9.45%,37.28%,20.03%,,,-0.25%,2.04%
163209,诺安创业板指数增强(LOF)A,1.5048,1.6465,1.46%,2.56%,-3.83%,-3.29%,23.72%,19.99%,-16.83%,-26.02%,-0.64%,18.6%
004192,招商中证500指数A,1.3704,1.3704,0.97%,0.98%,-2.52%,1.26%,21.32%,19.98%,1.22%,-4.09%,-0.42%,37.04%
009727,招商中证500等权重指数增强C,1.2657,1.2657,1.25%,1.01%,-2.11%,1.84%,20.61%,19.97%,1.36%,0.76%,0%,26.57%
011546,长江沪深300指数增强发起式C,0.7775,0.7775,0.83%,0.49%,-2.36%,-1.42%,10.77%,19.97%,-2.82%,-15.8%,-1.11%,-22.25%
001556,天弘中证500指数增强A,1.1599,1.1599,1.13%,1.3%,-3.24%,-0.9%,18.99%,19.95%,-5.83%,-15.99%,-0.68%,15.99%
003646,创金合信中证1000指数增强A,1.5445,1.5445,1.51%,1.01%,-2.64%,6.97%,31.75%,19.94%,-2.97%,-5.13%,0.16%,54.45%
005288,海富通创业板增强A,1.2176,1.5072,1.69%,2.95%,-1.43%,1.05%,23.36%,19.94%,-11.41%,-24.19%,1.6%,53.1%
002315,创金合信沪深300指数增强C,1.3936,1.5386,0.63%,0.39%,-4.21%,-1.18%,14.15%,19.93%,-1.28%,-12.14%,-3%,58.58%
015454,中欧中证500指数增强C,0.9738,0.9738,0.9%,1.53%,-0.86%,0.88%,23.33%,19.93%,-1.21%,,1.1%,-2.62%
010872,博时沪深300指数增强A,0.7303,0.7303,0.81%,1.39%,-2.25%,-0.91%,11.21%,19.92%,-3.6%,-12.87%,-1.51%,-26.97%
016865,华泰紫金中证500指数增强发起A,0.9582,0.9582,1.09%,0.92%,-2.51%,0.06%,19.88%,19.92%,,,-0.5%,-4.18%
006021,广发沪深300指数增强C,1.3803,1.3803,0.9%,0.69%,-2.76%,-0.41%,12.55%,19.91%,-8%,-19.21%,-1.42%,38.02%
006928,长城创业板指数增强C,1.5374,1.5374,1.16%,2.42%,-3.44%,-2.35%,25.65%,19.86%,-24.35%,-35.33%,-0.08%,76.85%
010556,汇添富沪深300指数增强C,1.3069,1.5168,0.78%,0.87%,-2.72%,-0.56%,12.82%,19.86%,2.53%,-6.38%,-1.89%,-3.11%
004194,招商中证1000指数增强A,1.5433,1.5433,1.47%,1.22%,-3.16%,4.16%,26.96%,19.86%,-0.35%,-0.77%,0.07%,54.33%
016962,国联安中证1000指数增强A,0.9881,0.9881,1.46%,1.78%,-0.96%,5.5%,29.08%,19.83%,-1.94%,,0.93%,-1.19%
016205,东方沪深300指数增强C,1.0446,1.0446,0.58%,1.32%,-1.9%,-1.47%,8.87%,19.72%,-0.65%,,-0.67%,4.46%
003647,创金合信中证1000指数增强C,1.5173,1.5173,1.52%,1.02%,-2.65%,6.92%,31.63%,19.71%,-3.35%,-5.7%,0.15%,51.73%
008239,中泰沪深300增强C,1.3549,1.3549,0.7%,0.64%,-3.08%,-1.81%,12.71%,19.71%,-1.73%,-9.96%,-2.08%,35.49%
014344,鹏华中证500指数增强A,1.0283,1.0283,1.05%,0.84%,-1.31%,3.22%,20.69%,19.71%,4.05%,3.34%,0.58%,2.83%
233010,大摩深证300指数增强,1.732,1.732,1.11%,1.11%,-2.81%,-1.93%,16.32%,19.7%,-9.22%,-21.77%,-1.14%,73.2%
018787,招商国证2000指数增强C,1.0695,1.0695,1.1%,1.19%,-1.89%,6.84%,28.19%,19.68%,,,0.17%,6.95%
213010,宝盈中证A100指数增强A,1.691,2.036,0.71%,0.59%,-2.87%,-1.97%,12.43%,19.67%,-3.15%,-12.16%,-1.91%,105.02%
001557,天弘中证500指数增强C,1.1258,1.1258,1.13%,1.3%,-3.27%,-0.98%,18.81%,19.59%,-6.39%,-16.75%,-0.71%,12.58%
163808,中银中证A100指数增强,1.752,1.762,0.75%,0.52%,-3.15%,-2.61%,12.24%,19.59%,-4.26%,-14.62%,-2.18%,76.95%
016963,国联安中证1000指数增强C,0.9837,0.9837,1.45%,1.77%,-0.99%,5.43%,28.94%,19.58%,-2.34%,,0.91%,-1.63%
009060,南方沪深300增强C,1.1538,1.1538,0.7%,1.3%,-2.04%,-0.64%,11.76%,19.56%,-1.97%,-17.39%,-1.29%,15.38%
010873,博时沪深300指数增强C,0.7214,0.7214,0.81%,1.38%,-2.28%,-0.97%,11.04%,19.54%,-4.18%,-13.66%,-1.53%,-27.86%
010356,诺安创业板指数增强(LOF)C,1.4794,1.4794,1.47%,2.56%,-3.85%,-3.38%,23.48%,19.53%,-17.48%,-26.9%,-0.66%,-4.07%
004193,招商中证500指数C,1.3401,1.3401,0.97%,0.97%,-2.55%,1.15%,21.08%,19.5%,0.41%,-5.23%,-0.45%,34.01%
016866,华泰紫金中证500指数增强发起C,0.9509,0.9509,1.1%,0.91%,-2.54%,-0.03%,19.64%,19.46%,,,-0.52%,-4.91%
017733,中金中证1000指数增强发起A,0.9755,0.9755,1.64%,1.91%,-1.62%,4.5%,26.36%,19.46%,,,0.92%,-2.45%
001050,汇添富中证500指数增强A,1.5966,1.8616,1.04%,0.88%,-3.3%,-0.14%,18.49%,19.45%,4.49%,-1.87%,-1.67%,87.05%
005287,海富通创业板增强C,1.1793,1.4689,1.68%,2.94%,-1.46%,0.95%,23.11%,19.45%,-12.12%,-25.1%,1.58%,49.13%
004195,招商中证1000指数增强C,1.5123,1.5123,1.47%,1.22%,-3.19%,4.05%,26.71%,19.38%,-1.14%,-1.94%,0.05%,51.23%
001397,建信精工制造指数增强,1.7495,1.7495,0.91%,1.21%,-2.88%,-0.89%,13.56%,19.35%,-8.5%,-12.43%,-1.63%,74.95%
014345,鹏华中证500指数增强C,1.0159,1.0159,1.05%,0.83%,-1.36%,3.12%,20.44%,19.22%,3.21%,2.1%,0.55%,1.59%
011630,东财有色增强A,1.2243,1.2243,0.91%,-0.69%,2.16%,-3.4%,9.72%,19.14%,-9.75%,-13.29%,5.07%,22.43%
017445,摩根沪深300指数增强发起式A,0.9637,0.9637,0.7%,0.73%,-3.08%,-1.6%,13.35%,19.03%,-8.52%,,-2%,-3.63%
017734,中金中证1000指数增强发起C,0.9683,0.9683,1.63%,1.9%,-1.66%,4.4%,26.11%,18.99%,,,0.9%,-3.17%
016854,汇添富中证500指数增强C,1.5811,1.8461,1.04%,0.88%,-3.33%,-0.24%,18.26%,18.97%,3.64%,,-1.69%,10.36%
010673,兴全中证800六个月持有指数A,1.0447,1.0447,1.03%,0.86%,-3.63%,-0.72%,16.73%,18.95%,6.82%,1.32%,-2.59%,4.47%
017919,中欧中证1000指数增强A,0.9756,0.9756,1.35%,1.06%,-3.21%,3.3%,28.03%,18.93%,,,-0.69%,-2.44%
007580,宝盈中证A100指数增强C,1.63,1.956,0.74%,0.62%,-2.86%,-2.04%,12.1%,18.89%,-4.57%,-14.14%,-1.87%,24.65%
020220,国联安沪深300指数增强A,1.1889,1.1889,0.72%,0.91%,-2.29%,-0.06%,15.36%,18.89%,,,-1.51%,18.89%
012080,易方达中证500指数量化增强A,0.9061,0.9061,0.98%,1.12%,-2.33%,-0.06%,19.81%,18.85%,-1.44%,-7.59%,-0.11%,-9.39%
014623,中银MSCI中国A50互联互通指数增强A,1.1662,1.1662,0.55%,0.78%,-3.46%,-3.67%,5.25%,18.82%,,,-2.56%,16.62%
011631,东财有色增强C,1.2102,1.2102,0.9%,-0.7%,2.14%,-3.48%,9.55%,18.79%,-10.3%,-14.07%,5.05%,21.02%
005248,新华沪深300指数增强A,1.2184,1.2184,0.79%,0.7%,-2.49%,-1.48%,11.63%,18.78%,-2.18%,-13.55%,-1.76%,21.84%
003015,中金沪深300A,1.6434,1.6434,0.72%,1.01%,-2.57%,-1.27%,10.99%,18.76%,-0.17%,-9.02%,-1.55%,64.34%
017446,摩根沪深300指数增强发起式C,0.9579,0.9579,0.71%,0.74%,-3.1%,-1.67%,13.19%,18.68%,-9.06%,,-2.02%,-4.21%
020221,国联安沪深300指数增强C,1.1865,1.1865,0.72%,0.9%,-2.31%,-0.11%,15.25%,18.65%,,,-1.52%,18.65%
005994,国投瑞银中证500指数量化增强A,2.0313,2.0313,1.1%,1.03%,-2.36%,0.47%,20.1%,18.64%,-3.29%,-12.82%,-0.49%,103.13%
000312,华安沪深300增强A,2.0288,2.3888,0.98%,0.77%,-3.02%,-2.29%,10.91%,18.62%,-8.76%,-17.48%,-1.79%,149.15%
010908,大成沪深300增强发起式A,0.819,0.819,0.7%,-0.43%,-2.78%,-0.74%,10.01%,18.58%,-1.69%,-11.63%,-2.05%,-18.1%
007806,建信MSCI中国A股指数增强A,1.1574,1.4184,0.7%,1.08%,-2.99%,-1.34%,14.18%,18.57%,-5.37%,-12.08%,-1.91%,42.71%
012081,易方达中证500指数量化增强C,0.8963,0.8963,0.98%,1.11%,-2.36%,-0.14%,19.62%,18.48%,-2.03%,-8.42%,-0.13%,-10.37%
010674,兴全中证800六个月持有指数C,1.0282,1.0282,1.01%,0.84%,-3.68%,-0.83%,16.48%,18.46%,5.96%,0.1%,-2.62%,2.82%
003876,华宝沪深300指数增强A,1.4025,1.6415,0.73%,0.72%,-2.78%,-1.47%,11.93%,18.46%,-2.68%,-17.24%,-1.91%,66.78%
019923,华泰柏瑞中证2000指数增强A,1.1845,1.1845,1.3%,1.34%,-1.52%,13.78%,45.87%,18.45%,,,1.47%,18.45%
008184,新华沪深300指数增强C,1.1997,1.1997,0.79%,0.7%,-2.51%,-1.56%,11.45%,18.42%,-2.8%,-14.34%,-1.78%,19.97%
005870,鹏华沪深300指数增强A,1.3267,1.3267,0.81%,0.77%,-2.28%,-1.52%,9.75%,18.34%,-2.27%,-7.25%,-1.5%,32.67%
014624,中银MSCI中国A50互联互通指数增强C,1.1607,1.1607,0.55%,0.77%,-3.49%,-3.76%,5.04%,18.34%,,,-2.58%,16.07%
003579,中金沪深300C,1.6495,1.6495,0.73%,1.01%,-2.6%,-1.36%,10.76%,18.29%,-0.97%,-10.1%,-1.57%,55%
003016,中金中证500A,1.6639,1.6639,1.04%,1%,-2.63%,0.88%,21.27%,18.24%,-2.71%,-9.36%,-0.44%,66.39%
010771,天弘国证消费100指数增强发起A,0.7133,0.7133,1.08%,1.36%,-2.55%,-1.03%,14.59%,18.23%,-12.6%,-22.83%,-0.75%,-28.67%
017920,中欧中证1000指数增强C,0.9645,0.9645,1.34%,1.05%,-3.27%,3.14%,27.65%,18.21%,,,-0.73%,-3.55%
007089,国投瑞银中证500指数量化增强C,1.9839,1.9839,1.1%,1.03%,-2.39%,0.36%,19.86%,18.16%,-4.06%,-13.87%,-0.52%,70.58%
017896,汇添富中证800指数增强A,1.0678,1.0678,0.85%,0.93%,-2.73%,-0.29%,12.35%,18.16%,,,-1.68%,6.78%
000313,华安沪深300增强C,1.911,2.271,0.98%,0.77%,-3.04%,-2.39%,10.69%,18.15%,-9.49%,-18.47%,-1.81%,135.97%
007807,建信MSCI中国A股指数增强C,1.1449,1.3929,0.69%,1.08%,-3.03%,-1.44%,13.94%,18.09%,-6.13%,-13.13%,-1.94%,39.79%
010909,大成沪深300增强发起式C,0.8062,0.8062,0.7%,-0.43%,-2.81%,-0.85%,9.78%,18.09%,-2.49%,-12.69%,-2.08%,-19.38%
161039,富国中证1000指数增强(LOF)A,1.9193,1.9193,1.6%,0.77%,-2.93%,2.14%,24.23%,17.99%,-1.96%,-4.64%,-0.74%,91.93%
007404,华宝沪深300指数增强C,1.3665,1.6055,0.72%,0.71%,-2.81%,-1.57%,11.71%,17.99%,-3.46%,-18.22%,-1.94%,38.69%
016690,鹏华沪深300指数增强C,0.9614,0.9614,0.81%,0.77%,-2.31%,-1.6%,9.59%,17.99%,-2.85%,,-1.52%,-3.86%
015387,中欧沪深300指数增强A,0.9205,0.9205,0.89%,0.78%,-2.83%,-1.72%,11.59%,17.97%,-6.3%,,-2.04%,-7.95%
019924,华泰柏瑞中证2000指数增强C,1.1796,1.1796,1.3%,1.33%,-1.56%,13.66%,45.58%,17.97%,,,1.44%,17.96%
000512,国泰沪深300指数增强A,1.1804,2.1333,0.77%,0.16%,-3.44%,-0.73%,10.74%,17.96%,-4.88%,-14.64%,-2.33%,119.84%
110030,易方达沪深300量化增强,2.4979,2.4979,0.79%,0.86%,-2.8%,-2.02%,12.39%,17.93%,-10.83%,-21.48%,-1.51%,149.79%
015061,中信建投沪深300指数增强A,0.9966,0.9966,0.66%,0.69%,-2.77%,-1.73%,12.44%,17.9%,-1.11%,,-1.75%,-0.34%
010772,天弘国证消费100指数增强发起C,0.7046,0.7046,1.06%,1.35%,-2.59%,-1.11%,14.4%,17.89%,-13.13%,-23.52%,-0.77%,-29.54%
002063,国泰沪深300指数增强C,1.1543,2.1033,0.77%,0.16%,-3.45%,-0.76%,10.68%,17.85%,-5.07%,-14.89%,-2.34%,30.82%
018116,泰康中证500指数增强发起A,1.0325,1.0325,1.11%,1.23%,-3.05%,-0.35%,18.3%,17.82%,,,-0.76%,3.25%
006034,富国MSCI中国A股国际通指数增强A,1.9792,1.9792,0.73%,0.38%,-2.99%,-1.43%,11%,17.8%,0.92%,-5.67%,-2.13%,97.92%
003578,中金中证500C,1.6332,1.6332,1.05%,1%,-2.66%,0.78%,21.02%,17.77%,-3.49%,-10.44%,-0.47%,51.26%
013331,富国中证1000指数增强(LOF)C,1.9062,1.9062,1.6%,0.77%,-2.94%,2.09%,24.1%,17.75%,-2.35%,-5.21%,-0.75%,-7.52%
017897,汇添富中证800指数增强C,1.0608,1.0608,0.86%,0.92%,-2.77%,-0.39%,12.12%,17.7%,,,-1.7%,6.08%
163407,兴全沪深300指数(LOF)A,2.3569,2.3569,0.89%,0.82%,-3.95%,-2.69%,9.77%,17.64%,-0.04%,-6.94%,-3.19%,135.69%
006682,景顺长城中证500指数增强A,1.3314,1.3314,1.25%,1.06%,-3.08%,-0.85%,18.74%,17.58%,-7.96%,-15.79%,-0.8%,33.14%
014170,富国MSCI中国A股国际通指数增强C,1.9743,1.9743,0.72%,0.37%,-3.01%,-1.48%,10.89%,17.56%,,,-2.15%,5.8%
002076,浙商中证500增强A,1.484,1.484,1.14%,1.07%,-2.99%,-0.36%,18.64%,17.54%,-5.8%,-15.59%,-0.77%,48.4%
016276,招商中证800指数增强A,0.9923,0.9923,1.17%,1.55%,-2.06%,0.07%,15.21%,17.54%,-1.93%,,-1.05%,-0.77%
162213,宏利沪深300指数A,1.5235,2.33,0.51%,0.89%,-2.61%,-1.39%,10.9%,17.52%,-4.5%,-14.01%,-1.74%,172.37%
007143,国投瑞银沪深300指数量化增强A,1.2383,1.3173,0.75%,0.75%,-2.83%,-1.79%,11.19%,17.51%,-7.3%,-15%,-1.93%,31.02%
005062,博时中证500指数增强A,1.2719,1.2719,0.88%,0.89%,-3.17%,-0.14%,19.75%,17.46%,-2.79%,-11.14%,-0.56%,27.19%
015062,中信建投沪深300指数增强C,0.9866,0.9866,0.64%,0.67%,-2.81%,-1.83%,12.2%,17.42%,-1.91%,,-1.78%,-1.34%
530018,建信深证100指数增强,2.0728,2.0728,0.9%,1.54%,-2.42%,-1.77%,17.43%,17.39%,-9.55%,-21.26%,-0.48%,107.28%
019656,中欧沪深300指数增强E,0.915,0.915,0.87%,0.75%,-2.88%,-1.86%,11.31%,17.38%,,,-2.08%,9.1%
003986,申万菱信中证500指数优选增强A,1.7122,1.8002,0.91%,1.02%,-0.41%,-0.54%,19.36%,17.37%,-7.52%,-15.79%,1.06%,84.55%
006440,中信建投中证500增强A,1.3998,1.3998,0.8%,0.6%,-2.89%,1.91%,21.47%,17.35%,-3.95%,-13.16%,-1.28%,39.98%
018117,泰康中证500指数增强发起C,1.0265,1.0265,1.09%,1.21%,-3.09%,-0.46%,18.06%,17.35%,,,-0.79%,2.65%
006165,建信中证1000指数增强A,1.5499,2.0813,1.47%,1.62%,-2.85%,3.3%,27.53%,17.3%,-6.6%,-6.05%,-0.42%,109.29%
020160,中信保诚沪深300指数增强A,1.1574,1.1574,0.92%,0.72%,-2.96%,-1.95%,12.65%,17.29%,,,-2.11%,15.74%
015388,中欧沪深300指数增强C,0.905,0.905,0.88%,0.76%,-2.88%,-1.88%,11.26%,17.26%,-7.42%,,-2.08%,-9.5%
012206,中泰沪深300量化优选增强A,0.8237,0.8237,0.97%,0.97%,-3.31%,-2.56%,10.47%,17.25%,-5.32%,-13.58%,-2.12%,-17.63%
017547,天弘国证2000指数增强A,0.9301,0.9301,1.67%,1.82%,-2.03%,6.25%,31.24%,17.24%,,,0.67%,-6.99%
165310,建信沪深300指数增强(LOF)A,1.1907,2.0467,0.63%,0.74%,-3.49%,-2.26%,10.64%,17.19%,-3.05%,-12.86%,-2.55%,134.16%
003548,宏利沪深300指数C,1.5034,1.8692,0.51%,0.89%,-2.64%,-1.46%,10.73%,17.18%,-5.06%,-14.77%,-1.75%,56.47%
009608,广发中证500指数增强A,0.9987,0.9987,0.88%,0.99%,-2.68%,1.9%,20.95%,17.18%,-0.99%,-11.32%,-0.51%,-0.13%
004190,招商沪深300指数增强A,1.5018,1.5018,0.91%,1.14%,-3.28%,-1.7%,10.76%,17.17%,-2.98%,-11.59%,-2.32%,50.18%
007230,兴全沪深300指数(LOF)C,2.3097,2.3097,0.89%,0.81%,-3.99%,-2.79%,9.55%,17.17%,-0.84%,-8.04%,-3.22%,26.06%
007386,浙商中证500增强C,1.4562,1.4562,1.13%,1.06%,-3.02%,-0.45%,18.44%,17.11%,-6.46%,-16.48%,-0.79%,48.65%
410010,华富中小企业100指数增强,1.0807,1.0807,1.17%,2.23%,-0.28%,1.55%,16.73%,17.1%,-18.08%,-31.09%,1.36%,8.07%
016935,景顺长城中证500指数增强C,1.3199,1.3199,1.25%,1.05%,-3.12%,-0.95%,18.48%,17.1%,-8.71%,,-0.83%,-7.72%
007144,国投瑞银沪深300指数量化增强C,1.2129,1.2884,0.75%,0.75%,-2.86%,-1.88%,10.97%,17.05%,-8.04%,-16%,-1.96%,28.09%
007794,申万菱信中证500指数优选增强C,1.5273,1.5273,0.91%,1.02%,-0.44%,-0.62%,19.17%,17.02%,-8.07%,-16.54%,1.04%,52.73%
006441,中信建投中证500增强C,1.3801,1.3801,0.8%,0.58%,-2.92%,1.82%,21.28%,17.01%,-4.53%,-13.95%,-1.3%,38.01%
005795,博时中证500指数增强C,1.2379,1.2379,0.88%,0.88%,-3.21%,-0.23%,19.52%,16.99%,-3.57%,-12.2%,-0.58%,27.86%
016277,招商中证800指数增强C,0.9803,0.9803,1.17%,1.53%,-2.12%,-0.05%,14.92%,16.95%,-2.91%,,-1.08%,-1.97%
017548,天弘国证2000指数增强C,0.925,0.925,1.67%,1.82%,-2.05%,6.18%,31.04%,16.9%,,,0.65%,-7.5%
700002,平安深证300指数增强,2.078,2.158,1.22%,1.66%,-2.72%,-1.42%,17.33%,16.87%,-17.34%,-27.82%,-0.43%,123.85%
015921,申万菱信国证2000指数增强型发起式A,0.9735,0.9735,1.31%,1.73%,-1.12%,9.89%,33.74%,16.84%,-0.93%,,1.08%,-2.65%
006166,建信中证1000指数增强C,1.5105,2.0366,1.48%,1.61%,-2.87%,3.19%,27.28%,16.83%,-7.35%,-7.17%,-0.45%,104.21%
519116,浦银安盛沪深300指数增强A,1.1024,1.9564,0.76%,0.79%,-2.55%,-2.59%,8.89%,16.83%,-3.55%,-18.45%,-1.86%,84.94%
013442,建信中证1000指数增强E,1.511,1.9361,1.48%,1.61%,-2.87%,3.19%,27.26%,16.82%,-7.34%,-7.16%,-0.45%,-9.8%
012207,中泰沪深300量化优选增强C,0.8121,0.8121,0.97%,0.97%,-3.33%,-2.65%,10.26%,16.8%,-6.07%,-14.61%,-2.13%,-18.79%
020161,中信保诚沪深300指数增强C,1.1521,1.1521,0.91%,0.72%,-3%,-2.06%,12.42%,16.79%,,,-2.15%,15.21%
000311,景顺长城沪深300指数增强A,2.151,2.491,0.89%,0.75%,-2.98%,-2.05%,10.93%,16.78%,-6.44%,-18.18%,-1.83%,153.04%
016867,华泰紫金沪深300指数增强发起A,1.0219,1.0219,0.83%,0.81%,-2.68%,-1.79%,9.72%,16.75%,-4.66%,,-2.01%,2.19%
009208,建信沪深300指数增强(LOF)C,1.1686,1.1686,0.62%,0.73%,-3.52%,-2.35%,10.42%,16.73%,-3.83%,-13.9%,-2.57%,16.94%
009609,广发中证500指数增强C,0.9817,0.9817,0.87%,0.98%,-2.72%,1.79%,20.71%,16.7%,-1.78%,-12.38%,-0.54%,-1.83%
004191,招商沪深300指数增强C,1.4588,1.4588,0.91%,1.13%,-3.31%,-1.8%,10.54%,16.7%,-3.76%,-12.64%,-2.34%,45.88%
015679,景顺长城沪深300指数增强C,2.14,2.14,0.9%,0.75%,-2.99%,-2.1%,10.88%,16.56%,-6.79%,,-1.83%,-4.72%
003884,汇安沪深300指数增强A,1.346,1.346,0.79%,1.16%,-2.17%,-1.17%,11.53%,16.55%,-14.68%,-23.98%,-1.08%,34.6%
016267,建信中证500指数量化增强发起A,1.0015,1.0015,0.99%,0.55%,-3.03%,-0.15%,17.05%,16.51%,-6.01%,,-0.9%,0.15%
018653,万家国证2000指数增强A,1.0008,1.0008,1.24%,1.26%,-2.49%,5.06%,28.64%,16.48%,,,0.37%,0.08%
008592,天弘沪深300指数增强发起A,1.2054,1.2054,0.78%,0.53%,-3.3%,-2.69%,9.71%,16.45%,-2.84%,-14.75%,-2.3%,20.54%
014133,工银中证500六个月持有指数增强A,0.8849,0.8849,1.14%,1.48%,-1.41%,1.97%,23.97%,16.39%,-3.95%,-6.09%,0.77%,-11.51%
019210,浦银安盛沪深300指数增强C,1.0967,1.0967,0.76%,0.78%,-2.57%,-2.69%,8.68%,16.39%,,,-1.88%,3.66%
015922,申万菱信国证2000指数增强型发起式C,0.9638,0.9638,1.31%,1.72%,-1.15%,9.77%,33.47%,16.37%,-1.71%,,1.06%,-3.62%
014831,兴银中证1000指数增强A,0.8699,0.8699,1.6%,1.45%,-2.74%,4.54%,27.01%,16.33%,-3.86%,,-0.03%,-13.01%
010157,汇安中证500增强A,0.8887,0.8887,1.05%,1.3%,-1.77%,-0.6%,16.05%,16.32%,-3.21%,-18.47%,0.01%,-11.13%
673100,西部利得沪深300指数增强A,1.7097,1.8297,1.06%,0.97%,-2.92%,-1.51%,10.42%,16.3%,-3.01%,-14.43%,-2.12%,89.62%
010854,汇添富沪深300基本面增强指数A,0.6081,0.6081,0.78%,0.63%,-3.41%,-2.36%,11.35%,16.29%,-10.76%,-26.97%,-2.01%,-39.19%
004881,中银沪深300指数增强A,1.1359,1.2354,0.74%,0.77%,-2.66%,-2.41%,9.17%,16.28%,-1.99%,-15.07%,-1.88%,24.33%
016868,华泰紫金沪深300指数增强发起C,1.0132,1.0132,0.82%,0.8%,-2.72%,-1.9%,9.5%,16.27%,-5.41%,,-2.04%,1.32%
004788,富荣沪深300指数增强A,1.7858,1.7858,0.73%,0.56%,-3.6%,-4.25%,9.96%,16.26%,-8.8%,-15.2%,-2.39%,78.58%
003760,国泰中证500指数增强A,1.0459,1.1097,1.23%,0.52%,-4.94%,-0.54%,17.81%,16.19%,-3.37%,-10.19%,-2.27%,10.14%
003761,国泰中证500指数增强C,1.0319,1.0948,1.24%,0.53%,-4.94%,-0.54%,17.81%,16.18%,-3.38%,-10.21%,-2.26%,8.66%
016268,建信中证500指数量化增强发起C,0.9954,0.9954,0.98%,0.56%,-3.05%,-0.22%,16.89%,16.16%,-6.56%,,-0.93%,-0.46%
004789,富荣沪深300指数增强C,1.7728,1.7728,0.73%,0.56%,-3.6%,-4.27%,9.9%,16.13%,-8.98%,-15.46%,-2.39%,77.28%
008593,天弘沪深300指数增强发起C,1.1872,1.1872,0.77%,0.51%,-3.34%,-2.76%,9.54%,16.11%,-3.42%,-15.52%,-2.32%,18.72%
014832,兴银中证1000指数增强C,0.8648,0.8648,1.6%,1.45%,-2.75%,4.49%,26.9%,16.1%,-4.23%,,-0.05%,-13.52%
100038,富国沪深300指数增强A,1.537,2.123,0.85%,0.59%,-2.97%,-2.29%,8.78%,16.09%,-2.04%,-13.35%,-2.16%,118.17%
003885,汇安沪深300指数增强C,1.2261,1.2261,0.79%,1.15%,-2.19%,-1.27%,11.31%,16.09%,-15.36%,-24.89%,-1.11%,22.61%
590007,中邮中证500指数增强A,1.1715,1.6815,1.13%,0.77%,-3.14%,0.05%,14.01%,16.07%,-3.51%,-16.36%,-1.94%,74.41%
018157,西部利得中证1000指数增强A,0.9913,1.0013,1.69%,1.68%,-2.58%,4.79%,28.72%,16.06%,,,0.39%,0.1%
018654,万家国证2000指数增强C,0.9955,0.9955,1.24%,1.26%,-2.53%,4.96%,28.39%,16.03%,,,0.35%,-0.45%
000042,财通中证ESG100指数增强A,1.8793,2.3681,0.8%,0.43%,-4.5%,-3.76%,10.25%,16.01%,0.39%,-8.61%,-3.25%,159.39%
014134,工银中证500六个月持有指数增强C,0.8739,0.8739,1.15%,1.46%,-1.45%,1.87%,23.71%,15.92%,-4.73%,-7.22%,0.75%,-12.61%
010153,中加中证500指数增强A,0.9374,0.9374,0.94%,0.7%,-3.37%,-0.03%,19.11%,15.91%,-4.75%,-13.8%,-1.41%,-6.26%
016103,申万菱信沪深300优选指数增强发起A,0.9605,0.9605,0.69%,0.7%,-3.54%,-4.79%,8.23%,15.9%,-10.07%,,-2.48%,-3.95%
010158,汇安中证500增强C,0.8739,0.8739,1.04%,1.29%,-1.8%,-0.7%,15.83%,15.87%,-3.99%,-19.44%,-0.01%,-12.61%
017505,明亚中证1000指数增强A,0.9614,0.9614,1.24%,0.78%,-4.37%,2.4%,23.81%,15.85%,,,-2.45%,-3.86%
673101,西部利得沪深300指数增强C,1.6729,1.6729,1.06%,0.97%,-2.96%,-1.61%,10.2%,15.83%,-3.79%,-15.45%,-2.14%,80.83%
010311,中银沪深300指数增强C,1.1159,1.2154,0.73%,0.77%,-2.69%,-2.52%,8.95%,15.81%,-2.77%,-16.08%,-1.91%,-12.53%
014305,华泰柏瑞中证500指数增强A,1.0133,1.0133,1.07%,1.06%,-1.46%,-0.77%,17.5%,15.81%,-3.7%,,0.36%,1.33%
013291,富国沪深300指数增强C,1.526,1.756,0.86%,0.53%,-2.99%,-2.37%,8.61%,15.78%,-2.49%,-13.91%,-2.24%,-17.54%
018233,浙商中证1000指数增强A,1.0044,1.0044,1.42%,0.85%,-3.23%,3.5%,25.17%,15.74%,,,-0.67%,0.44%
008124,中邮中证500指数增强C,1.1703,1.1703,1.13%,0.77%,-3.17%,-0.03%,13.84%,15.71%,-4.1%,-17.11%,-1.96%,17.03%
005850,财通沪深300指数增强,1.4366,1.4366,0.79%,0.95%,-2.6%,-2.09%,11.05%,15.62%,-7.14%,-11.83%,-1.22%,43.66%
018158,西部利得中证1000指数增强C,0.9844,0.9944,1.69%,1.67%,-2.61%,4.68%,28.46%,15.61%,,,0.37%,-0.59%
010154,中加中证500指数增强C,0.925,0.925,0.93%,0.69%,-3.4%,-0.11%,18.94%,15.57%,-5.31%,-14.57%,-1.44%,-7.5%
005607,华宝中证500增强A,1.1114,1.1114,0.83%,1.02%,-3.63%,-0.81%,18.85%,15.52%,-4.71%,-11.56%,-0.94%,11.14%
002311,创金合信中证500指数增强A,1.104,1.3246,1.28%,1.11%,-3.57%,1.13%,22.25%,15.49%,-8.76%,-14.28%,-1.22%,29.76%
016104,申万菱信沪深300优选指数增强发起C,0.9525,0.9525,0.7%,0.7%,-3.56%,-4.87%,8.02%,15.44%,-10.8%,,-2.5%,-4.75%
016697,华泰柏瑞上证50指数增强A,1.0097,1.0097,0.53%,0.09%,-4.06%,-3.63%,7.32%,15.38%,,,-3.51%,0.97%
002316,创金合信中证500指数增强C,1.1009,1.3217,1.29%,1.11%,-3.58%,1.1%,22.19%,15.37%,-8.94%,-14.53%,-1.22%,29.39%
010855,汇添富沪深300基本面增强指数C,0.5889,0.5889,0.79%,0.62%,-3.47%,-2.55%,10.9%,15.36%,-12.18%,-28.7%,-2.06%,-41.11%
014306,华泰柏瑞中证500指数增强C,1.0023,1.0023,1.07%,1.05%,-1.49%,-0.87%,17.27%,15.35%,-4.46%,,0.33%,0.23%
017506,明亚中证1000指数增强C,0.9549,0.9549,1.24%,0.77%,-4.4%,2.28%,23.48%,15.31%,,,-2.48%,-4.51%
018234,浙商中证1000指数增强C,0.9991,0.9991,1.43%,0.84%,-3.26%,3.41%,24.93%,15.29%,,,-0.7%,-0.09%
008056,南方上证50增强A,0.9397,0.9397,0.56%,0.16%,-3.57%,-2.26%,8.11%,15.24%,-13.72%,-24.27%,-3.12%,-6.03%
018633,财通中证500指数增强A,0.9669,0.9669,0.88%,1.11%,-2.01%,-1.32%,17.19%,15.22%,,,-0.03%,-3.31%
000478,建信中证500指数增强A,2.5671,2.5671,1.01%,0.98%,-2.14%,1.13%,15.53%,15.14%,-9.24%,-15.66%,-0.43%,156.71%
019270,财通中证1000指数增强A,1.0097,1.0097,1.47%,1.6%,-2.04%,2.94%,22.21%,15.13%,,,0.48%,0.97%
013233,华夏中证500指数智选增强A,0.9997,0.9997,1.02%,0.23%,-4.24%,-0.16%,17.89%,15.07%,4.63%,3.17%,-2.36%,-0.03%
005608,华宝中证500增强C,1.0816,1.0816,0.83%,1.01%,-3.67%,-0.92%,18.61%,15.05%,-5.48%,-12.63%,-0.97%,8.16%
009613,上银中证500指数增强型A,0.9924,0.9924,1.0%,0.83%,-2.99%,0.62%,19.47%,14.97%,-2.45%,-12.83%,-0.83%,-0.76%
007994,华夏中证500指数增强A,1.8011,1.8011,1.03%,0.21%,-4.29%,-0.3%,17.61%,14.95%,4.91%,3.73%,-2.38%,80.11%
016698,华泰柏瑞上证50指数增强C,1.0022,1.0022,0.52%,0.08%,-4.09%,-3.72%,7.11%,14.92%,,,-3.53%,0.22%
006048,长城中证500指数增强A,1.5488,1.5488,1.27%,0.81%,-4.34%,0.27%,18.27%,14.89%,1.19%,-8.37%,-2.16%,54.88%
008057,南方上证50增强C,0.922,0.922,0.56%,0.15%,-3.61%,-2.36%,7.89%,14.79%,-14.42%,-25.17%,-3.16%,-7.8%
017985,华夏中证800指数增强A,0.9556,0.9556,0.76%,0.53%,-3.21%,-0.08%,15.72%,14.75%,,,-1.67%,-4.44%
018634,财通中证500指数增强C,0.9609,0.9609,0.87%,1.09%,-2.05%,-1.43%,16.94%,14.75%,,,-0.06%,-3.91%
016680,中金中证500ESG指数增强A,0.9375,0.9375,1.09%,1.12%,-3.25%,-0.94%,17.47%,14.74%,-6.53%,,-0.85%,-6.25%
019271,财通中证1000指数增强C,1.0048,1.0048,1.46%,1.6%,-2.07%,2.83%,21.96%,14.68%,,,0.45%,0.48%
009614,上银中证500指数增强型C,0.9791,0.9791,1.0%,0.83%,-3.01%,0.54%,19.3%,14.64%,-3.02%,-13.61%,-0.85%,-2.09%
013234,华夏中证500指数智选增强C,0.9859,0.9859,1.01%,0.21%,-4.29%,-0.26%,17.64%,14.6%,3.78%,1.93%,-2.4%,-1.41%
005633,建信中证500指数增强C,2.4791,2.4791,1.01%,0.97%,-2.19%,1%,15.23%,14.56%,-10.14%,-16.92%,-0.47%,4.53%
007413,长城中证500指数增强C,1.2644,1.5044,1.27%,0.8%,-4.37%,0.19%,18.08%,14.53%,0.59%,-9.17%,-2.18%,62.41%
007995,华夏中证500指数增强C,1.7668,1.7668,1.02%,0.2%,-4.33%,-0.41%,17.37%,14.48%,4.07%,2.49%,-2.41%,76.68%
016498,易方达MSCI中国A50互联互通量化增强A,0.8397,0.8397,0.56%,0.9%,-3.69%,-5.32%,6.1%,14.35%,-20.73%,,-2.58%,-16.03%
007943,富安达中证500指数增强A,1.2543,1.2543,1.1%,0.58%,-5.44%,-1.95%,13.09%,14.34%,0.2%,-7.05%,-3.31%,25.43%
017986,华夏中证800指数增强C,0.9486,0.9486,0.75%,0.52%,-3.25%,-0.19%,15.47%,14.28%,,,-1.69%,-5.14%
016681,中金中证500ESG指数增强C,0.929,0.929,1.09%,1.11%,-3.29%,-1.04%,17.22%,14.27%,-7.29%,,-0.89%,-7.1%
000176,嘉实沪深300指数研究增强A,1.4464,1.4464,0.86%,0.87%,-2.59%,-2.64%,9.9%,14.23%,-9.09%,-20.05%,-1.62%,44.64%
005313,万家中证1000指数增强A,1.1037,1.7874,1.51%,1.14%,-3.09%,2.4%,24.91%,14.22%,-13.15%,-10.51%,-0.17%,98.29%
017846,国金中证1000指数增强A,0.908,0.908,1.49%,0.48%,-3.19%,6.41%,28.94%,14.2%,,,-0.56%,-9.2%
019808,富安达中证500指数增强C,1.25,1.25,1.09%,0.58%,-5.46%,-2.02%,12.94%,14.02%,,,-3.33%,7.05%
310318,申万菱信沪深300指数增强A,2.822,3.6145,0.52%,0.89%,-2.62%,-3.15%,9.25%,14%,-12.05%,-19.98%,-1.96%,453.37%
399001,中海上证50指数增强,1.186,1.47,0.42%,0%,-4.05%,-4.28%,5.33%,13.93%,-3.73%,-14.75%,-3.73%,48.55%
016499,易方达MSCI中国A50互联互通量化增强C,0.8319,0.8319,0.57%,0.91%,-3.72%,-5.41%,5.89%,13.9%,-21.36%,,-2.59%,-16.81%
016134,嘉实沪深300指数研究增强C,0.8327,0.8327,0.85%,0.86%,-2.61%,-2.72%,9.72%,13.88%,-9.65%,,-1.64%,-16.73%
017323,农银中证1000指数增强A,1.0143,1.0143,1.64%,1.57%,-3.01%,3.88%,23.85%,13.88%,,,-0.2%,1.43%
008112,中泰中证500指数增强A,1.2472,1.2472,1.2%,0.85%,-3.77%,-1.8%,16.59%,13.83%,-8.77%,-16.44%,-1.34%,24.72%
005314,万家中证1000指数增强C,1.0918,1.7464,1.51%,1.13%,-3.11%,2.29%,24.66%,13.75%,-13.85%,-11.58%,-0.2%,91.72%
017847,国金中证1000指数增强C,0.9013,0.9013,1.49%,0.47%,-3.23%,6.3%,28.68%,13.74%,,,-0.58%,-9.87%
007804,申万菱信沪深300指数增强C,1.1971,1.1971,0.52%,0.88%,-2.66%,-3.25%,9.04%,13.54%,-12.76%,-20.93%,-1.99%,19.71%
012911,同泰沪深300量化增强A,0.6859,0.6859,0.72%,0.78%,-3.44%,-2.42%,10.95%,13.48%,-19.76%,-29.22%,-2.43%,-31.41%
018292,华夏国证2000指数增强发起式A,0.9745,0.9745,1.1%,1.56%,-1.13%,5.69%,29.93%,13.47%,,,1.72%,-2.55%
016942,工银中证1000指数增强A,0.9588,0.9588,1.68%,1.37%,-1.53%,6.32%,31.38%,13.44%,,,0.8%,-4.12%
017324,农银中证1000指数增强C,1.0081,1.0081,1.63%,1.56%,-3.05%,3.77%,23.59%,13.41%,,,-0.23%,0.81%
008113,中泰中证500指数增强C,1.2219,1.2219,1.2%,0.84%,-3.8%,-1.89%,16.36%,13.37%,-9.5%,-17.44%,-1.36%,22.19%
006729,万家中证500指数增强A,1.1412,1.7236,0.94%,0.91%,-3.43%,-1.03%,17.29%,13.24%,-8.95%,-9.45%,-0.94%,70.46%
012912,同泰沪深300量化增强C,0.6789,0.6789,0.74%,0.79%,-3.46%,-2.48%,10.8%,13.17%,-20.23%,-29.85%,-2.44%,-32.11%
018293,华夏国证2000指数增强发起式C,0.968,0.968,1.1%,1.55%,-1.16%,5.58%,29.65%,13.02%,,,1.69%,-3.2%
016943,工银中证1000指数增强C,0.9517,0.9517,1.68%,1.36%,-1.56%,6.22%,31.12%,12.99%,,,0.77%,-4.83%
161017,富国中证500指数增强(LOF)A,1.921,2.527,1.16%,0.79%,-3.32%,-1.39%,13.55%,12.91%,-4.05%,-11.72%,-1.59%,172.49%
006730,万家中证500指数增强C,1.1165,1.6858,0.94%,0.9%,-3.46%,-1.14%,17.04%,12.77%,-9.7%,-10.55%,-0.97%,66.13%
450008,国富沪深300指数增强A,1.4318,1.7749,0.65%,0.65%,-2.19%,0.39%,9.25%,12.74%,-6.84%,-16.12%,-1.65%,89.22%
013332,富国中证500指数增强(LOF)C,1.907,2.144,1.11%,0.74%,-3.35%,-1.45%,13.4%,12.7%,-4.46%,-12.28%,-1.6%,-13.67%
009336,平安中证500指数增强A,1.019,1.019,0.81%,0.14%,-4.21%,-0.48%,13.35%,12.55%,-16.16%,-23.02%,-2.16%,1.9%
010253,兴银中证500指数增强A,0.8879,0.8879,1.06%,0.94%,-3.3%,0.38%,17.71%,12.44%,-7.55%,-19.43%,-1.01%,-11.21%
020352,国富沪深300指数增强C,1.4256,1.4256,0.65%,0.63%,-2.23%,0.28%,9.05%,12.28%,,,-1.68%,11.25%
011205,兴银中证500指数增强C,0.8805,0.8805,1.06%,0.94%,-3.32%,0.33%,17.59%,12.21%,-7.93%,-19.92%,-1.02%,-11.95%
002510,申万菱信中证500指数增强A,1.4468,1.4468,0.89%,0.37%,-3.64%,-0.28%,14.12%,12.1%,-6.66%,-14.15%,-2.11%,44.68%
008778,嘉实中证500指数增强A,1.1721,1.1721,1.22%,1.23%,-2.8%,-0.33%,15.98%,12.07%,-12.63%,-18.58%,-0.59%,17.21%
040002,华安中国A股增强指数,0.7225,3.9678,0.8%,0.7%,-3.19%,-0.85%,12.02%,12.02%,-18.27%,-28.68%,-2.11%,398.91%
015225,汇添富中证细分化工产业主题指数增强发起式A,0.7663,0.7663,0.63%,-0.4%,-2.7%,-1.44%,9.3%,12.02%,-19.51%,,-1.28%,-23.37%
009337,平安中证500指数增强C,0.9953,0.9953,0.81%,0.13%,-4.25%,-0.6%,13.06%,11.98%,-17.01%,-24.17%,-2.2%,-0.47%
502000,西部利得中证500指数增强(LOF)A,1.5513,0.9997,1.16%,1.28%,-3.54%,1.01%,20.44%,11.89%,-3.85%,-11.64%,-1.25%,6.12%
006063,景顺长城MSCI中国A股国际通指数增强A,1.3378,1.3378,0.83%,0.82%,-3.12%,-2.45%,8.84%,11.89%,-11.58%,-21.3%,-1.9%,33.78%
161036,富国中证娱乐主题指数增强(LOF)A,0.664,0.664,2.11%,2.99%,-3.88%,1.98%,29.11%,11.78%,1.54%,-10.43%,-0.32%,-33.6%
501059,西部利得国企红利指数增强A,1.9561,2.1521,0.57%,-0.28%,-3.27%,-1.08%,7.62%,11.78%,4.44%,13.94%,-3.8%,115.55%
007795,申万菱信中证500指数增强C,1.5302,1.5302,0.89%,0.36%,-3.67%,-0.35%,13.95%,11.77%,-7.23%,-14.91%,-2.14%,53.02%
015226,汇添富中证细分化工产业主题指数增强发起式C,0.7608,0.7608,0.62%,-0.42%,-2.74%,-1.51%,9.15%,11.72%,-19.91%,,-1.3%,-23.92%
011853,招商中证消费龙头指数增强A,0.768,0.768,0.62%,-0.49%,-4.01%,-2.4%,13.59%,11.66%,-13.43%,-21.18%,-3.08%,-23.2%
008779,嘉实中证500指数增强C,1.1489,1.1489,1.22%,1.22%,-2.83%,-0.42%,15.75%,11.62%,-13.32%,-19.54%,-0.61%,14.89%
014256,富国中证娱乐主题指数增强(LOF)C,0.6601,0.6601,2.12%,3%,-3.89%,1.93%,28.98%,11.56%,1.16%,-10.95%,-0.33%,-9.15%
110003,易方达上证50增强A,1.7979,3.7879,0.39%,0.13%,-3.82%,-5.82%,3.79%,11.49%,-6.7%,-14.12%,-2.88%,486.21%
009300,西部利得中证500指数增强(LOF)C,1.5223,1.5223,1.16%,1.28%,-3.57%,0.91%,20.2%,11.45%,-4.62%,-12.69%,-1.28%,63.58%
009439,西部利得国企红利指数增强C,1.8943,2.0903,0.57%,-0.28%,-3.29%,-1.16%,7.46%,11.44%,3.81%,12.92%,-3.82%,65.59%
019251,景顺长城MSCI中国A股国际通指数增强C,1.3458,1.3458,0.83%,0.82%,-3.15%,-2.55%,8.6%,11.44%,,,-1.92%,0.19%
012157,汇添富上证50基本面增强指数A,0.8489,0.8489,0.54%,-0.09%,-4.05%,-4.12%,-0.75%,11.37%,-7.6%,-15.1%,-3.62%,-15.11%
011854,招商中证消费龙头指数增强C,0.7568,0.7568,0.61%,-0.5%,-4.04%,-2.5%,13.38%,11.23%,-14.12%,-22.12%,-3.1%,-24.32%
004746,易方达上证50增强C,1.7626,1.9026,0.39%,0.13%,-3.84%,-5.88%,3.65%,11.22%,-7.16%,-14.76%,-2.89%,63.97%
012158,汇添富上证50基本面增强指数C,0.8381,0.8381,0.55%,-0.1%,-4.07%,-4.21%,-0.93%,10.95%,-8.35%,-16.17%,-3.64%,-16.19%
014587,华安中证500指数增强A,0.8541,0.8541,1.12%,1.14%,-3.25%,0.74%,16.62%,10.79%,-14.38%,,-1%,-14.59%
164508,国富中证A100指数增强(LOF),1.035,1.158,0.78%,0.39%,-3.36%,-3.54%,5.72%,10.7%,-13.1%,-23.16%,-2.45%,18.49%
005965,安信中证500指数增强A,1.7709,1.7709,0.96%,1.24%,-2.13%,-0.43%,15.37%,10.34%,-2.41%,-12%,0.07%,77.09%
016776,嘉实中证1000指数增强发起A,0.9435,0.9435,1.38%,1.74%,-2.14%,2.42%,19.96%,10.34%,-10.26%,,0.59%,-5.65%
014588,华安中证500指数增强C,0.8449,0.8449,1.13%,1.13%,-3.29%,0.64%,16.38%,10.33%,-15.07%,,-1.02%,-15.51%
015148,华安中证1000指数增强A,0.857,0.857,1.62%,1.34%,-2.94%,4.23%,26.07%,10.31%,-12.43%,,-0.17%,-14.3%
013878,圆信永丰中证500指数增强发起A,0.7837,0.7837,0.98%,0.71%,-4.87%,-2.46%,13.94%,10.13%,-10.74%,-19.6%,-2.4%,-21.63%
007178,浙商中华预期高股息A,1.0377,1.0377,0.22%,0.17%,0.04%,-3.19%,4.22%,10.12%,-11.71%,-22.04%,-1.43%,3.77%
016777,嘉实中证1000指数增强发起C,0.9385,0.9385,1.38%,1.73%,-2.15%,2.36%,19.81%,10.06%,-10.71%,,0.58%,-6.15%
519034,海富通中证500增强A,1.6464,1.6464,1.06%,0.48%,-3.94%,-0.29%,16.25%,9.94%,-9.64%,-23.31%,-2.06%,64.64%
005966,安信中证500指数增强C,1.7279,1.7279,0.95%,1.24%,-2.16%,-0.53%,15.14%,9.9%,-3.19%,-13.04%,0.04%,72.79%
015149,华安中证1000指数增强C,0.8484,0.8484,1.63%,1.33%,-2.96%,4.12%,25.82%,9.87%,-13.12%,,-0.2%,-15.16%
013879,圆信永丰中证500指数增强发起C,0.7763,0.7763,0.98%,0.69%,-4.9%,-2.55%,13.78%,9.8%,-11.28%,-20.33%,-2.43%,-22.37%
007216,浙商中华预期高股息C,1.0191,1.0191,0.23%,0.17%,0.01%,-3.27%,4.03%,9.73%,-12.34%,-22.85%,-1.46%,1.91%
009004,海富通中证500增强C,1.6266,1.6266,1.06%,0.48%,-3.96%,-0.36%,16.11%,9.67%,-10.09%,-23.88%,-2.08%,6.96%
019553,中银中证500指数增强型发起A,1.0974,1.0974,0.99%,1.01%,-2.84%,-0.22%,16.51%,9.53%,,,-0.82%,9.74%
002670,万家沪深300指数增强A,1.2295,1.3875,0.72%,0.69%,-3.05%,-1.79%,8.44%,9.36%,-13.85%,-17%,-1.9%,36.22%
180003,银华-道琼斯88指数,1.0628,3.3061,0.74%,1%,-2.12%,-1.67%,4.21%,9.31%,-14.83%,-29.37%,-0.83%,480.72%
013942,华宝中证稀有金属指数增强发起A,0.5692,0.5692,0.76%,-1.71%,-2.05%,3.08%,25.13%,9.29%,-31.86%,-37.46%,2.03%,-43.08%
167601,国金300指数增强A,0.9257,0.9257,0.42%,-0.23%,-4.52%,-2.22%,5.7%,9.2%,-9.81%,-18.01%,-3.28%,56.92%
019554,中银中证500指数增强型发起C,1.0927,1.0927,0.99%,1.01%,-2.87%,-0.32%,16.28%,9.1%,,,-0.84%,9.27%
013943,华宝中证稀有金属指数增强发起C,0.5639,0.5639,0.77%,-1.71%,-2.07%,3%,24.92%,8.97%,-32.27%,-38.02%,1.99%,-43.61%
002671,万家沪深300指数增强C,1.5239,1.7239,0.72%,0.68%,-3.08%,-1.88%,8.22%,8.93%,-14.53%,-17.98%,-1.92%,68.92%
012926,民生加银中证500指数增强A,0.7212,0.7212,1.09%,0.71%,-3.14%,0.97%,18.99%,8.89%,-15.99%,-23.29%,-1.39%,-27.88%
017925,国金300指数增强C,0.9191,0.9191,0.42%,-0.24%,-4.55%,-2.32%,5.49%,8.76%,,,-3.31%,-8.45%
012927,民生加银中证500指数增强C,0.7138,0.7138,1.1%,0.71%,-3.16%,0.89%,18.83%,8.58%,-16.5%,-23.97%,-1.41%,-28.62%
100032,富国中证红利指数增强A,1.008,3.174,0.8%,0.1%,-3.08%,-2.51%,2.54%,8.51%,11.39%,10.28%,-3.63%,342.76%
012498,汇添富中证500基本面增强指数A,0.7749,0.7749,0.92%,0.71%,-3.82%,-3.26%,9.79%,8.32%,-14.46%,-20.79%,-1.11%,-22.51%
008682,富国中证红利指数增强C,0.991,1.398,0.71%,0%,-3.22%,-2.65%,2.38%,8.08%,10.75%,9.31%,-3.79%,43.96%
200002,长城久泰沪深300指数A,1.6741,4.5341,0.61%,0.66%,-2.88%,-3.44%,8.19%,7.97%,-17.94%,-28.91%,-2.02%,339.27%
006912,长城久泰沪深300指数C,0.9057,1.8543,0.61%,0.66%,-2.89%,-3.53%,8.01%,7.63%,-18.44%,-29.57%,-2.03%,16.46%
012499,汇添富中证500基本面增强指数C,0.7544,0.7544,0.92%,0.69%,-3.9%,-3.46%,9.35%,7.45%,-15.83%,-22.67%,-1.17%,-24.56%
002906,南方中证500量化增强A,1.0055,1.0055,0.94%,0.66%,-2.62%,-1.85%,13.64%,6.74%,-13.99%,-26.17%,-1.41%,0.55%
001351,诺安中证500指数增强A,0.826,0.826,1.0%,0.58%,-4.23%,-2.89%,13%,6.33%,-15.75%,-23.62%,-1.57%,-17.4%
002907,南方中证500量化增强C,0.9785,0.9785,0.95%,0.65%,-2.66%,-1.94%,13.41%,6.24%,-14.69%,-27.03%,-1.44%,-2.15%
010355,诺安中证500指数增强C,0.8122,0.8122,1.01%,0.57%,-4.27%,-3%,12.77%,5.92%,-16.42%,-24.54%,-1.6%,-13.32%
501089,方正富邦消费红利指数增强(LOF),1.1155,1.1155,0.33%,-1.45%,-6.87%,-2.28%,9.71%,0.15%,-22.88%,-25.08%,-5.32%,11.55%
014237,东财新能源增强A,0.4745,0.4745,1.28%,-0.36%,-6.19%,-5.67%,13.44%,0.11%,-42.08%,-51.7%,-3.36%,-52.55%
014238,东财新能源增强C,0.4701,0.4701,1.27%,-0.36%,-6.22%,-5.73%,13.28%,-0.19%,-42.42%,-52.13%,-3.37%,-52.99%
012328,天弘中证新能源指数增强A,0.4834,0.4834,1.21%,-0.51%,-6.17%,-6.91%,10.64%,-0.41%,-43%,,-3.05%,-51.66%
012329,天弘中证新能源指数增强C,0.4798,0.4798,1.22%,-0.5%,-6.2%,-6.96%,10.5%,-0.68%,-43.33%,,-3.07%,-52.02%
001027,前海开源中证大农业指数增强A,0.8892,0.8892,0.57%,-1.15%,-6.45%,-5.39%,3.7%,-1.36%,-28.44%,-33.69%,-4.6%,-11.08%
015484,前海开源中证大农业指数增强C,0.8793,0.8793,0.57%,-1.15%,-6.48%,-5.49%,3.48%,-1.75%,-29.01%,,-4.63%,-28.27%
161035,富国中证医药主题指数增强A,1.029,1.218,0.49%,0.88%,-4.72%,-6.54%,5.11%,-6.03%,-27.26%,-32.52%,-2.56%,18.56%
005626,富国中证医药主题指数增强C,1.022,1.211,0.49%,0.99%,-4.66%,-6.5%,5.04%,-6.24%,-27.49%,-32.86%,-2.48%,-42.86%
012340,东财食品饮料指数增强A,0.594,0.594,-0.08%,-1.59%,-6.34%,-8.8%,1.63%,-6.52%,-34.7%,-36.75%,-5.37%,-40.6%
012341,东财食品饮料指数增强C,0.5883,0.5883,-0.08%,-1.59%,-6.37%,-8.86%,1.48%,-6.8%,-35.09%,-37.32%,-5.39%,-41.17%
005112,银华中证全指医药卫生,1.1528,1.1528,0.14%,0.12%,-5.24%,-5.13%,3.52%,-8.39%,-29.18%,-34.88%,-3.39%,15.28%
012401,天弘中证医药主题指数增强A,0.6293,0.6293,0.43%,0.64%,-5.98%,-8.31%,2.33%,-9.17%,-29.51%,-31.22%,-3.38%,-37.07%
012402,天弘中证医药主题指数增强C,0.6229,0.6229,0.44%,0.65%,-6.01%,-8.37%,2.18%,-9.44%,-29.94%,-31.84%,-3.4%,-37.71%
013816,汇添富中证光伏产业指数增强发起式A,0.4429,0.4429,1.98%,-1.73%,-7.65%,-13.19%,5.63%,-12.64%,-48.8%,-45.65%,-3.76%,-55.71%
013817,汇添富中证光伏产业指数增强发起式C,0.4393,0.4393,1.97%,-1.74%,-7.67%,-13.25%,5.5%,-12.87%,-49.07%,-46.06%,-3.79%,-56.07%
019814,民生加银国证2000指数增强A,1.198,1.198,1.51%,1.98%,-1.33%,8.73%,36.28%,,,,0.87%,19.8%
019402,财通资管中证1000指数增强A,1.1063,1.1063,1.4%,1.42%,-3.24%,4.62%,26.81%,,,,-0.92%,10.63%
019403,财通资管中证1000指数增强C,1.1026,1.1026,1.4%,1.42%,-3.27%,4.51%,26.58%,,,,-0.95%,10.26%
020735,东财有色增强E,1.2213,1.2213,0.91%,-0.7%,2.13%,-3.47%,9.56%,,,,5.06%,14.97%
019767,景顺长城科创50指数增强A,1.3302,1.3302,0.99%,0.95%,-3.69%,3.28%,37.82%,,,,-0.78%,33.02%
019815,民生加银国证2000指数增强C,1.1942,1.1942,1.51%,1.98%,-1.35%,8.65%,36.08%,,,,0.84%,19.42%
021385,天弘上证科创板100指数增强发起A,1.1089,1.1089,1.98%,2.01%,-0.98%,4.04%,28.06%,,,,2.58%,10.89%
021386,天弘上证科创板100指数增强发起C,1.1066,1.1066,1.97%,2%,-1.01%,3.96%,27.87%,,,,2.56%,10.66%
019768,景顺长城科创50指数增强C,1.328,1.328,1.0%,0.95%,-3.71%,3.21%,37.65%,,,,-0.79%,32.8%
021278,永赢上证科创板100指数增强发起A,1.1769,1.1769,2.14%,3.66%,1.54%,4.73%,28.48%,,,,5.56%,17.69%
021279,永赢上证科创板100指数增强发起C,1.1737,1.1737,2.14%,3.66%,1.5%,4.63%,28.22%,,,,5.53%,17.37%
020987,东财高端制造增强E,0.8628,0.8628,1.43%,1.81%,-2.18%,-0.12%,19.83%,,,,-0.54%,14.01%
021256,浦银安盛中证A50指数增强A,1.1019,1.1019,0.88%,0.45%,-3.74%,-3.23%,11.82%,,,,-2.84%,10.19%
021810,富国创业板增强策略ETF发起式联接C,1.2219,1.2219,1.29%,1.37%,-3.76%,-1.65%,22.08%,,,,-0.93%,22.19%
021847,国泰沪深300增强策略ETF发起联接A,0.9907,0.9907,0.74%,0.68%,-3.1%,-2.08%,,,,,-2.35%,-0.93%
021051,国联中证500指数增强A,1.1502,1.1502,1.02%,0.84%,-3.68%,-0.3%,,,,,-1.3%,15.02%
021052,国联中证500指数增强C,1.1478,1.1478,1.01%,0.83%,-3.71%,-0.42%,,,,,-1.33%,14.78%
021811,富国创业板增强策略ETF发起式联接A,1.2232,1.2232,1.3%,1.38%,-3.75%,-1.59%,22.21%,,,,-0.91%,22.32%
021175,东方红中证500指数增强发起A,1.1214,1.1214,0.85%,0.46%,-3.4%,-2.77%,12.18%,,,,-1.35%,12.14%
021176,东方红中证500指数增强发起C,1.1189,1.1189,0.84%,0.45%,-3.43%,-2.86%,11.95%,,,,-1.38%,11.89%
021257,浦银安盛中证A50指数增强C,1.0991,1.0991,0.88%,0.44%,-3.77%,-3.32%,11.61%,,,,-2.85%,9.91%
021908,鹏华上证科创板50成份增强策略ETF发起式联接A,1.402,1.402,1.23%,1.79%,-1.79%,5.26%,,,,,0.37%,40.2%
021909,鹏华上证科创板50成份增强策略ETF发起式联接C,1.4006,1.4006,1.22%,1.77%,-1.82%,5.18%,,,,,0.34%,40.06%
022462,华商中证A500指数增强C,0.959,0.959,1.09%,1.16%,-1.63%,,,,,,-1.4%,-4.1%
021185,中信保诚中证500指数增强A,1.2352,1.2352,1.07%,1.27%,-1.55%,5.02%,23.69%,,,,0.5%,23.52%
021284,浦银安盛科创板100指数增强A,0.947,0.947,2.2%,2.47%,-1.51%,-5.35%,,,,,2.44%,-5.3%
022177,东财消费电子指数增强E,0.8776,0.8776,2.11%,4.56%,4.02%,9.52%,,,,,5.86%,38.07%
021757,中欧沪深300指数量化增强A,0.971,0.971,0.88%,0.86%,-2.89%,,,,,,-1.94%,-2.9%
021758,中欧沪深300指数量化增强C,0.9704,0.9704,0.88%,0.85%,-2.93%,,,,,,-1.97%,-2.96%
021186,中信保诚中证500指数增强C,1.2323,1.2323,1.07%,1.26%,-1.59%,4.91%,23.44%,,,,0.48%,23.23%
022486,国金中证A500指数增强C,0.9743,0.9743,0.68%,0.03%,-3.05%,,,,,,-2.43%,-2.57%
021848,国泰沪深300增强策略ETF发起联接C,0.99,0.99,0.74%,0.68%,-3.11%,-2.13%,,,,,-2.36%,-1%
021170,大成中证500指数增强A,1.1305,1.1305,1.18%,0.63%,-3.35%,-0.23%,13.05%,,,,-1.43%,13.05%
021171,大成中证500指数增强C,1.1281,1.1281,1.17%,0.62%,-3.39%,-0.34%,12.81%,,,,-1.46%,12.81%
022205,永赢中证A50指数增强发起C,0.9767,0.9767,0.71%,0.12%,-2.28%,,,,,,-1.86%,-2.33%
021275,万家上证科创板100指数增强发起式A,0.9414,0.9414,2.17%,1.82%,-3.2%,-3.09%,,,,,0.6%,-5.86%
021276,万家上证科创板100指数增强发起式C,0.9402,0.9402,2.17%,1.81%,-3.23%,-3.19%,,,,,0.58%,-5.98%
022204,永赢中证A50指数增强发起A,0.9771,0.9771,0.71%,0.12%,-2.24%,,,,,,-1.84%,-2.29%
022559,天弘中证高端装备制造指数增强E,0.8465,0.8465,1.37%,2.23%,-1.09%,,,,,,0.44%,-3.48%
022473,兴证全球中证A500指数增强A,0.9674,0.9674,0.93%,0.55%,-3.26%,,,,,,-1.89%,-3.26%
022908,国投瑞银沪深300指数量化增强Y,1.2393,1.2393,0.76%,0.76%,-2.77%,,,,,,-1.88%,-1.44%
022957,华夏中证500指数增强Y,1.8022,1.8022,1.03%,0.22%,-4.25%,,,,,,-2.35%,-5.57%
022513,人保中证800指数增强A,1.0204,1.0204,0.94%,0.62%,2.04%,,,,,,2.03%,2.04%
022917,万家沪深300指数增强Y,1.2303,1.2303,0.72%,0.7%,-3%,,,,,,-1.87%,-1.91%
022953,富国中证500指数增强(LOF)Y,1.922,1.922,1.16%,0.79%,-3.27%,,,,,,-1.54%,-3.56%
022688,申万菱信中证A500指数增强A,0.9934,0.9934,0.64%,0.28%,-0.66%,,,,,,-0.48%,-0.66%
022671,招商中证A500指数增强发起式C,1.0052,1.0052,0.88%,0.68%,0.52%,,,,,,0.7%,0.52%
022919,申万菱信中证500指数优选增强Y,1.7326,1.7326,0.91%,1.04%,-0.35%,,,,,,1.1%,0.78%
022937,西部利得中证500指数增强(LOF)Y,1.5524,1.5524,1.17%,1.29%,-3.49%,,,,,,-1.21%,-4.2%
022954,华夏沪深300指数增强Y,1.815,1.815,0.83%,1%,-2.37%,,,,,,-1.36%,-0.49%
022943,华夏中证500指数智选增强Y,1.0003,1.0003,1.02%,0.24%,-4.21%,,,,,,-2.33%,-5.55%
022940,天弘沪深300指数增强发起Y,1.2058,1.2058,0.77%,0.53%,-3.28%,,,,,,-2.29%,-2.01%
022090,富安达沪深300指数增强A,0.9728,0.9728,0.71%,0.37%,-2.71%,,,,,,-2.16%,-2.72%
022137,中银MSCI中国A50互联互通指数增强E,1.1658,1.1658,0.56%,0.78%,-3.49%,,,,,,-2.58%,1.28%
022366,贝莱德沪深300指数增强A,1.0194,1.0194,0.81%,0.89%,-0.99%,,,,,,-1.44%,1.94%
022963,兴全中证800六个月持有指数Y,1.0455,1.0455,1.02%,0.87%,-3.59%,,,,,,-2.55%,-3.89%
022906,富国沪深300指数增强Y,1.538,1.538,0.85%,0.59%,-2.9%,,,,,,-2.16%,-1.85%
022309,国联沪深300指数增强A,1.0077,1.0077,0.69%,0.57%,0.73%,,,,,,0.7%,0.77%
022091,富安达沪深300指数增强C,0.9723,0.9723,0.7%,0.36%,-2.74%,,,,,,-2.18%,-2.77%
022468,国泰君安中证A500指数增强C,0.9979,0.9979,0.97%,1.11%,-0.2%,,,,,,0.48%,-0.21%
022558,天弘中证医药主题指数增强E,0.6289,0.6289,0.43%,0.64%,-6.01%,,,,,,-3.39%,-11.45%
021285,浦银安盛科创板100指数增强C,0.9458,0.9458,2.22%,2.46%,-1.54%,-5.45%,,,,,2.43%,-5.42%
022467,国泰君安中证A500指数增强A,0.9983,0.9983,0.97%,1.12%,-0.16%,,,,,,0.5%,-0.17%
022567,天弘中证500指数增强E,1.1591,1.1591,1.13%,1.29%,-3.27%,,,,,,-0.71%,-8.28%
022670,招商中证A500指数增强发起式A,1.0055,1.0055,0.88%,0.7%,0.55%,,,,,,0.72%,0.55%
022914,易方达沪深300精选增强Y,0.7808,0.7808,0.45%,2.15%,-1.21%,,,,,,-0.47%,1.93%
022310,国联沪深300指数增强C,1.007,1.007,0.69%,0.56%,0.69%,,,,,,0.67%,0.7%
022949,汇添富沪深300指数增强Y,1.3315,1.3315,0.78%,0.89%,-2.65%,,,,,,-1.84%,-1.18%
022909,国投瑞银中证500指数量化增强Y,2.0329,2.0329,1.1%,1.04%,-2.31%,,,,,,-0.46%,-2.73%
021765,长盛北证50成份指数增强A,0.9419,0.9419,0.35%,-1.94%,-2.9%,,,,,,1.76%,-5.81%
022946,建信中证500指数增强Y,2.569,2.569,1.01%,0.99%,-2.09%,,,,,,-0.4%,-2.49%
022893,汇添富中证500指数增强Y,1.5978,1.5978,1.04%,0.9%,-3.25%,,,,,,-1.63%,-3.57%
022903,富国中证红利指数增强Y,1.009,1.009,0.7%,0.1%,-3.07%,,,,,,-3.63%,-2.51%
022962,兴全沪深300指数增强(LOF)Y,2.3583,2.3583,0.89%,0.83%,-3.91%,,,,,,-3.16%,-2.79%
022933,易方达上证50增强Y,1.7997,1.8397,0.4%,0.15%,-3.76%,,,,,,-2.83%,-1.89%
022685,中银中证1000指数增强E,1.19,1.19,1.39%,1.31%,-1.96%,,,,,,0.22%,2.79%
022706,银河中证A500指数增强A,1.0126,1.0126,0.74%,0.49%,,,,,,,1.26%,1.26%
022178,东财食品饮料指数增强E,0.5875,0.5875,-0.09%,-1.59%,-6.37%,-9.81%,,,,,-5.39%,-8.73%
021766,长盛北证50成份指数增强C,0.9412,0.9412,0.35%,-1.94%,-2.92%,,,,,,1.73%,-5.88%
022461,华商中证A500指数增强A,0.9599,0.9599,1.1%,1.17%,-1.59%,,,,,,-1.38%,-4.01%
022485,国金中证A500指数增强A,0.975,0.975,0.68%,0.04%,-3%,,,,,,-2.41%,-2.5%
022367,贝莱德沪深300指数增强C,1.0187,1.0187,0.8%,0.88%,-1.03%,,,,,,-1.47%,1.87%
022474,兴证全球中证A500指数增强C,0.9671,0.9671,0.93%,0.55%,-3.29%,,,,,,-1.92%,-3.29%
022544,天弘中证科技100指数增强发起E,1.1276,1.1276,1.66%,2.59%,-0.43%,,,,,,1.78%,-0.86%
022707,银河中证A500指数增强C,1.0125,1.0125,0.75%,0.49%,,,,,,,1.25%,1.25%
022514,人保中证800指数增强C,1.02,1.02,0.94%,0.62%,2%,,,,,,1.99%,2%
022689,申万菱信中证A500指数增强C,0.993,0.993,0.64%,0.27%,-0.7%,,,,,,-0.5%,-0.7%
