代码,简称,基金经理,基金公司,资产规模,评级评分,涨幅评分,业绩评分,综合评分,上海证券评级,招商证券评级,济安金信评级,晨星评级,近3月涨幅,近3月四分位,近6月涨幅,近6月四分位,近1年涨幅,近1年四分位,近2年涨幅,近2年四分位,近3年涨幅,近3年四分位,近5年涨幅,近5年四分位,选证能力,收益率,跟踪误差,超额收益,管理规模
006196,华夏中证央企ET,荣膺,华夏,3.78亿元,92.0,30,79.0,78.0,3,5,5,5,-5.48%,不佳,2.88%,不佳,18.13%,一般,4.38%,优秀,-0.83%,优秀,31.37%,优秀,75.0,80.0,80.0,80.0,80.0
160615,鹏华沪深300E,苏俊杰,鹏华,19.23亿元,76.0,48,78.0,74.39999999999999,3,5,5,3,-3.76%,一般,10.11%,一般,18.42%,一般,-5.68%,良好,-15.11%,良好,16.48%,良好,80.0,80.0,75.0,70.0,85.0
166802,浙商沪深300指,胡羿,浙商,2.26亿元,76.0,76,80.0,78.39999999999999,3,5,5,3,-2.91%,良好,11.99%,一般,22.34%,良好,-3.06%,良好,-13.54%,良好,23.91%,良好,90.0,85.0,70.0,80.0,75.0
161120,易方达中债新综指,杨真,易方达,10.64亿元,84.00000000000001,100,74.0,79.6,3,3,5,5,2.64%,优秀,3.02%,优秀,6.41%,优秀,11.53%,优秀,13.51%,优秀,22.13%,优秀,65.0,70.0,95.0,55.0,85.0
008238,中泰沪深300增,邹巍,中泰证券(上海)资管,1.87亿元,84.00000000000001,76,78.0,79.6,3,5,5,4,-3.35%,良好,11.58%,一般,20.78%,良好,-1.63%,良好,-9.32%,良好,---,,85.0,80.0,75.0,75.0,75.0
320014,诺安沪深300指,孔宪政,诺安,6.19亿元,84.00000000000001,78,80.0,81.0,3,5,5,4,-2.91%,良好,11.02%,一般,22.28%,良好,-1.10%,良好,-9.96%,良好,29.01%,优秀,90.0,80.0,70.0,80.0,80.0
003318,景顺长城中证50,曾理,景顺长城,9.35亿元,88.00000000000001,66,78.0,79.8,3,5,4,5,-0.45%,优秀,16.97%,良好,15.15%,一般,4.72%,优秀,-0.39%,优秀,44.35%,优秀,80.0,75.0,75.0,75.0,85.0
540012,汇丰晋信恒生龙头,刘禹良,汇丰晋信,2.91亿元,84.00000000000001,64,79.0,79.0,3,5,3,5,-5.08%,一般,7.50%,不佳,20.78%,良好,3.63%,优秀,-5.43%,优秀,19.18%,良好,80.0,85.0,75.0,75.0,80.0
163808,中银中证A100,赵建忠,中银,4.58亿元,76.0,64,79.0,76.60000000000001,3,5,5,3,-4.50%,一般,10.76%,一般,20.01%,良好,-4.97%,良好,-15.34%,良好,12.27%,一般,80.0,80.0,75.0,80.0,80.0
004513,海富通沪深300,朱斌全,海富通,9.09亿元,84.00000000000001,78,79.0,80.39999999999999,3,5,3,5,-2.32%,良好,12.04%,一般,25.16%,良好,0.25%,良好,-7.94%,优秀,26.78%,良好,85.0,85.0,65.0,80.0,80.0
202015,南方沪深300E,罗文杰,南方,26.66亿元,76.0,64,83.0,79.0,3,5,5,3,-3.73%,一般,10.70%,一般,19.69%,良好,-4.09%,良好,-13.61%,良好,10.99%,一般,85.0,80.0,80.0,80.0,90.0
161119,易方达中债新综指,杨真,易方达,70.60亿元,88.00000000000001,100,77.0,82.6,3,4,5,5,2.74%,优秀,3.17%,优秀,6.75%,优秀,12.30%,优秀,14.68%,优秀,24.25%,优秀,65.0,75.0,95.0,55.0,95.0
161039,富国中证1000,徐幼华,富国,9.91亿元,88.00000000000001,64,73.0,76.60000000000001,3,5,4,5,-0.14%,优秀,20.69%,良好,17.63%,一般,-3.50%,良好,-5.68%,优秀,51.33%,优秀,75.0,70.0,60.0,75.0,85.0
512960,博时央企结构调整,赵云阳,博时,54.04亿元,84.00000000000001,54,84.0,81.0,3,3,5,5,-5.72%,不佳,2.79%,不佳,18.93%,良好,5.07%,优秀,-0.47%,优秀,34.12%,优秀,75.0,80.0,85.0,85.0,95.0
006438,博时央调ETF联,赵云阳,博时,2.90亿元,88.00000000000001,30,78.0,76.2,3,4,5,5,-5.46%,不佳,2.36%,不佳,17.46%,一般,4.40%,优秀,-0.88%,优秀,31.35%,优秀,75.0,80.0,80.0,75.0,80.0
006197,华夏中证央企ET,荣膺,华夏,1.86亿元,84.00000000000001,30,78.0,75.0,3,3,5,5,-5.55%,不佳,2.72%,不佳,17.78%,一般,3.76%,优秀,-1.72%,优秀,29.41%,优秀,75.0,80.0,80.0,80.0,75.0
512950,华夏中证央企ET,荣膺,华夏,62.55亿元,88.00000000000001,54,85.0,82.80000000000001,3,4,5,5,-5.81%,不佳,2.87%,不佳,19.02%,良好,4.91%,优秀,-0.58%,优秀,33.72%,优秀,75.0,80.0,85.0,90.0,95.0
006439,博时央调ETF联,赵云阳,博时,0.18亿元,84.00000000000001,30,76.0,73.80000000000001,3,3,5,5,-5.55%,不佳,2.15%,不佳,16.99%,一般,3.56%,优秀,-2.07%,优秀,28.73%,优秀,75.0,80.0,80.0,75.0,70.0
006925,永赢中债1-3年,杨野,永赢,98.68亿元,84.00000000000001,64,85.0,82.60000000000001,3,3,5,5,1.58%,良好,2.01%,良好,4.61%,良好,8.02%,良好,10.06%,一般,17.30%,一般,75.0,70.0,85.0,100.0,95.0
007538,永赢沪深300E,刘庭宇,永赢,5.68亿元,76.0,72,80.0,78.0,3,5,5,3,-3.74%,一般,10.14%,一般,19.11%,良好,-3.30%,良好,-12.79%,良好,21.37%,良好,85.0,80.0,75.0,75.0,85.0
007275,银河沪深300指,罗博,银河,1.29亿元,84.00000000000001,78,79.0,80.39999999999999,3,5,5,4,-1.40%,良好,13.14%,一般,22.93%,良好,-0.75%,良好,-9.66%,良好,32.43%,优秀,85.0,85.0,70.0,80.0,75.0
007208,中邮中债1-3年,闫宜乘,中邮,2.08亿元,84.00000000000001,24,74.0,72.0,3,5,5,4,1.28%,一般,1.47%,一般,3.55%,一般,7.29%,一般,9.12%,一般,16.58%,一般,75.0,70.0,95.0,55.0,75.0
515110,易方达中证国企一,刘树荣,易方达,3.04亿元,84.00000000000001,66,84.0,82.19999999999999,3,3,5,5,-3.89%,一般,7.30%,不佳,22.62%,良好,6.26%,优秀,2.78%,优秀,37.87%,优秀,75.0,80.0,85.0,100.0,80.0
007180,华安中债1-3年,林唐宇,华安,83.69亿元,84.00000000000001,24,85.0,78.60000000000001,3,5,5,4,1.20%,一般,1.76%,一般,3.60%,一般,6.83%,一般,9.20%,一般,16.28%,一般,75.0,70.0,90.0,95.0,95.0
515150,富国中证国企一带,殷钦怡,富国,7.42亿元,84.00000000000001,66,82.0,81.0,3,3,5,5,-4.58%,一般,6.48%,不佳,21.14%,良好,3.36%,优秀,-1.41%,优秀,28.93%,优秀,75.0,80.0,85.0,90.0,80.0
007788,易方达中证国企带,刘树荣,易方达,0.43亿元,88.00000000000001,66,78.0,79.8,3,4,5,5,-3.73%,一般,7.13%,不佳,21.46%,良好,4.58%,优秀,1.54%,优秀,39.44%,优秀,75.0,80.0,80.0,85.0,70.0
007364,易方达中债1-3,杨真,易方达,17.78亿元,76.0,12,84.0,74.4,3,5,5,3,0.96%,不佳,1.42%,一般,3.49%,一般,6.55%,一般,8.84%,不佳,16.45%,一般,80.0,70.0,90.0,95.0,85.0
007994,华夏中证500指,孙蒙,华夏,38.40亿元,84.00000000000001,62,74.0,75.8,3,5,3,5,-1.82%,良好,15.14%,良好,15.79%,一般,3.84%,优秀,3.28%,优秀,---,,75.0,75.0,55.0,75.0,90.0
007786,富国中证国企一带,殷钦怡,富国,0.13亿元,88.00000000000001,62,74.0,77.0,3,4,5,5,-4.89%,一般,5.36%,不佳,19.23%,良好,3.00%,良好,-1.40%,优秀,28.22%,良好,75.0,80.0,75.0,75.0,65.0
007787,富国中证国企一带,殷钦怡,富国,0.05亿元,84.00000000000001,38,74.0,73.39999999999999,3,3,5,5,-5.00%,一般,5.15%,不佳,18.74%,一般,2.18%,良好,-2.58%,优秀,25.67%,良好,75.0,80.0,75.0,75.0,65.0
007789,易方达中证国企带,刘树荣,易方达,0.19亿元,84.00000000000001,66,78.0,78.6,3,3,5,5,-3.74%,一般,7.09%,不佳,21.34%,良好,4.38%,优秀,1.25%,优秀,38.58%,优秀,75.0,80.0,80.0,85.0,70.0
008340,华富中债-安徽信,张娅,华富,21.25亿元,84.00000000000001,54,88.0,83.4,3,5,5,4,1.22%,一般,1.29%,一般,3.85%,一般,10.30%,优秀,12.90%,优秀,---,,85.0,70.0,95.0,100.0,90.0
009087,太平中债1-3年,吴超,太平,0.00亿元,76.0,88,76.0,77.2,3,1,5,5,2.76%,优秀,3.10%,优秀,5.16%,良好,8.05%,良好,10.30%,良好,---,,75.0,70.0,75.0,80.0,80.0
010203,天弘中证科技10,刘笑明,天弘,1.69亿元,84.00000000000001,84,73.0,77.4,3,3,5,5,-0.21%,优秀,16.74%,良好,23.97%,良好,1.71%,良好,-9.85%,良好,---,,75.0,75.0,70.0,70.0,75.0
010202,天弘中证科技10,刘笑明,天弘,0.94亿元,84.00000000000001,84,73.0,77.4,3,3,5,5,-0.14%,优秀,16.91%,良好,24.34%,良好,2.31%,良好,-9.04%,良好,---,,75.0,75.0,70.0,70.0,75.0
009726,招商中证500等,王岩,招商,10.01亿元,84.00000000000001,87,76.0,79.50000000000001,3,5,3,5,0.08%,优秀,18.21%,良好,21.38%,良好,1.73%,良好,1.65%,优秀,---,,80.0,75.0,65.0,80.0,80.0
008583,西部利得中债1-,刘心峰,西部利得,78.95亿元,84.00000000000001,76,81.0,81.4,3,3,5,5,1.38%,一般,2.18%,良好,4.71%,良好,8.61%,良好,10.42%,良好,---,,65.0,70.0,80.0,95.0,95.0
008584,西部利得中债1-,刘心峰,西部利得,0.41亿元,84.00000000000001,64,76.0,77.20000000000002,3,3,5,5,1.36%,一般,2.12%,良好,4.59%,良好,8.38%,良好,10.08%,一般,---,,65.0,70.0,80.0,95.0,70.0
010673,兴全中证800六,申庆,兴证全球,10.98亿元,80.0,86,76.0,78.19999999999999,3,5,2,5,-2.26%,良好,14.72%,良好,19.80%,良好,5.74%,优秀,0.10%,优秀,---,,80.0,80.0,60.0,75.0,85.0
952003,国泰君安中债1-,刘明,国泰君安资管,11.30亿元,76.0,24,80.0,73.2,3,5,5,3,1.12%,一般,1.46%,一般,3.51%,一般,6.34%,不佳,8.33%,不佳,---,,65.0,70.0,90.0,90.0,85.0
004194,招商中证1000,蔡振,招商,9.75亿元,84.00000000000001,88,74.0,78.39999999999999,3,5,3,5,2.12%,优秀,23.23%,良好,19.79%,良好,-1.80%,良好,-1.53%,优秀,58.44%,优秀,75.0,70.0,65.0,80.0,80.0
213010,宝盈中证A100,蔡丹,宝盈,1.72亿元,76.0,72,79.0,77.4,3,5,5,3,-3.78%,一般,10.90%,一般,20.10%,良好,-3.84%,良好,-12.89%,良好,20.03%,良好,80.0,80.0,80.0,80.0,75.0
470007,汇添富上证综合指,吴振翔,汇添富,9.94亿元,64.0,56,78.0,71.6,3,2,1,5,-1.62%,良好,9.83%,一般,18.63%,一般,5.18%,优秀,-0.04%,优秀,25.42%,良好,80.0,80.0,70.0,75.0,85.0
165312,建信央视财经50,叶乐天,建信,3.58亿元,72.0,56,77.0,73.39999999999999,3,3,2,5,-2.18%,良好,11.45%,一般,18.35%,一般,4.30%,优秀,-1.73%,优秀,27.69%,良好,80.0,80.0,70.0,75.0,80.0
510130,中盘ETF,刘树荣,易方达,2.92亿元,80.0,88,85.0,83.8,3,3,4,5,-1.44%,良好,13.63%,一般,25.96%,优秀,6.55%,优秀,-1.60%,优秀,44.73%,优秀,85.0,85.0,85.0,90.0,80.0
110021,易方达上证中盘E,刘树荣,易方达,1.91亿元,84.00000000000001,82,81.0,82.00000000000001,3,4,4,5,-1.30%,良好,12.89%,一般,24.37%,良好,6.09%,优秀,-1.58%,优秀,41.62%,优秀,85.0,85.0,80.0,80.0,75.0
159936,广发中证全指可选,姚曦,广发,3.14亿元,72.0,96,86.0,82.80000000000001,3,2,3,5,1.28%,优秀,23.54%,良好,33.45%,优秀,10.64%,优秀,0.10%,优秀,36.30%,优秀,90.0,90.0,80.0,90.0,80.0
000656,前海开源沪深30,梁溥森,前海开源,5.90亿元,80.0,74,81.0,80.0,3,5,4,4,-3.47%,一般,11.94%,一般,21.04%,良好,-1.73%,良好,-9.88%,良好,33.71%,优秀,85.0,80.0,80.0,80.0,80.0
161028,富国中证新能源汽,牛志冬,富国,63.04亿元,72.0,40,77.0,71.8,3,3,2,5,-1.29%,良好,22.20%,良好,9.91%,不佳,-33.88%,不佳,-43.67%,不佳,26.75%,良好,80.0,65.0,75.0,70.0,95.0
161029,富国中证银行指数,王保合,富国,6.40亿元,68.0,96,86.0,81.6,3,2,2,5,3.91%,优秀,14.57%,良好,37.52%,优秀,31.60%,优秀,23.29%,优秀,46.87%,优秀,100.0,100.0,70.0,80.0,80.0
160517,博时中证银行指数,赵云阳,博时,5.20亿元,72.0,92,86.0,82.4,3,3,2,5,3.95%,优秀,13.67%,一般,36.98%,优秀,32.72%,优秀,25.00%,优秀,54.83%,优秀,100.0,100.0,70.0,80.0,80.0
165524,中信保诚中证智能,黄稚,中信保诚,0.41亿元,76.0,90,73.0,75.6,3,4,2,5,11.27%,优秀,41.25%,优秀,47.08%,优秀,26.88%,优秀,2.09%,优秀,7.82%,一般,75.0,85.0,75.0,60.0,70.0
001242,博时中证淘金大数,杨振建,博时,1.48亿元,72.0,78,76.0,75.0,3,3,2,5,2.85%,优秀,21.43%,良好,21.06%,良好,2.72%,良好,-4.96%,优秀,2.57%,不佳,75.0,75.0,75.0,80.0,75.0
001397,建信精工制造指数,叶乐天,建信,0.56亿元,72.0,70,69.0,70.0,3,3,2,5,-2.67%,良好,12.03%,一般,19.68%,良好,-9.32%,一般,-12.54%,良好,46.08%,优秀,75.0,75.0,55.0,70.0,70.0
001243,博时中证淘金大数,杨振建,博时,0.64亿元,72.0,78,75.0,74.39999999999999,3,3,2,5,2.85%,优秀,21.42%,良好,21.07%,良好,2.72%,良好,-4.96%,优秀,2.57%,不佳,75.0,75.0,75.0,80.0,70.0
002236,大成360互联网,夏高,大成,5.64亿元,64.0,94,66.0,68.2,3,2,1,5,9.13%,优秀,43.61%,优秀,24.87%,良好,33.86%,优秀,34.39%,优秀,110.57%,优秀,60.0,75.0,60.0,55.0,80.0
202017,南方深证成份ET,孙伟,南方,1.65亿元,80.0,52,76.0,74.8,3,4,5,4,-3.49%,一般,17.69%,良好,19.35%,良好,-12.23%,一般,-23.82%,一般,4.26%,不佳,80.0,75.0,75.0,75.0,75.0
161723,招商中证银行指数,侯昊,招商,8.96亿元,72.0,92,87.0,83.0,3,3,2,5,4.01%,优秀,14.09%,一般,37.24%,优秀,31.47%,优秀,23.21%,优秀,43.04%,优秀,100.0,100.0,70.0,80.0,85.0
040180,华安上证180E,许之彦,华安,1.71亿元,80.0,64,78.0,77.2,3,5,4,4,-3.86%,一般,9.09%,一般,19.58%,良好,-0.48%,良好,-8.86%,良好,7.59%,一般,85.0,80.0,75.0,75.0,75.0
003358,易方达中债7-1,杨真,易方达,48.13亿元,76.0,100,79.0,80.2,3,3,3,5,4.04%,优秀,4.55%,优秀,9.51%,优秀,15.76%,优秀,18.44%,优秀,31.05%,优秀,65.0,75.0,80.0,85.0,90.0
003016,中金中证500A,耿帅军,中金,4.50亿元,80.0,86,75.0,77.6,3,4,5,4,-0.82%,优秀,18.78%,良好,18.97%,良好,-3.72%,良好,-10.24%,良好,47.66%,优秀,80.0,75.0,65.0,75.0,80.0
003376,广发中债7-10,王予柯,广发,94.42亿元,76.0,100,83.0,82.6,3,3,3,5,4.92%,优秀,5.42%,优秀,10.90%,优秀,17.56%,优秀,20.94%,优秀,33.60%,优秀,65.0,75.0,90.0,85.0,100.0
004195,招商中证1000,蔡振,招商,6.04亿元,76.0,88,74.0,76.0,3,3,3,5,2.02%,优秀,22.98%,良好,19.32%,良好,-2.57%,良好,-2.69%,优秀,55.31%,优秀,75.0,70.0,65.0,80.0,80.0
510080,长盛全债指数增强,王贵君,长盛,30.36亿元,72.0,100,48.0,60.39999999999999,1,3,4,5,4.04%,优秀,5.49%,优秀,8.45%,优秀,14.08%,优秀,17.28%,优秀,43.19%,优秀,80.0,75.0,0.0,0.0,85.0
003359,大成360互联网,夏高,大成,7.40亿元,68.0,94,65.0,68.8,3,3,1,5,8.96%,优秀,43.17%,优秀,24.16%,良好,32.24%,优秀,32.01%,优秀,104.42%,优秀,60.0,70.0,60.0,55.0,80.0
673100,西部利得沪深30,盛丰衍,西部利得,4.81亿元,72.0,48,73.0,70.19999999999999,3,3,2,5,-3.44%,一般,8.98%,一般,17.11%,一般,-4.03%,良好,-14.97%,良好,25.36%,良好,80.0,80.0,55.0,70.0,80.0
501011,汇添富中证中药E,过蓓蓓,汇添富,7.29亿元,72.0,18,73.0,67.19999999999999,3,3,2,5,-7.09%,不佳,1.36%,不佳,-1.81%,不佳,-13.52%,一般,-11.89%,良好,32.12%,优秀,65.0,60.0,75.0,80.0,85.0
004743,易方达上证中盘E,刘树荣,易方达,0.72亿元,80.0,82,80.0,80.2,3,3,4,5,-1.36%,良好,12.75%,一般,24.07%,良好,5.57%,优秀,-2.31%,优秀,39.87%,优秀,85.0,85.0,80.0,75.0,75.0
512800,华宝中证银行ET,胡洁,华宝,74.88亿元,68.0,92,89.0,83.0,3,2,2,5,4.10%,优秀,14.18%,一般,38.65%,优秀,32.48%,优秀,23.18%,优秀,36.67%,优秀,100.0,100.0,70.0,80.0,95.0
003377,广发中债7-10,王予柯,广发,33.84亿元,76.0,100,79.0,80.2,3,3,3,5,4.83%,优秀,5.24%,优秀,10.52%,优秀,16.75%,优秀,19.70%,优秀,31.34%,优秀,60.0,75.0,90.0,80.0,90.0
004512,海富通沪深300,朱斌全,海富通,16.77亿元,76.0,78,80.0,78.6,3,3,3,5,-2.35%,良好,11.98%,一般,25.03%,良好,0.04%,良好,-8.22%,优秀,26.15%,良好,85.0,85.0,65.0,80.0,85.0
512700,南方中证银行ET,孙伟,南方,15.65亿元,68.0,92,87.0,81.8,3,2,2,5,4.12%,优秀,14.28%,一般,38.89%,优秀,32.70%,优秀,23.67%,优秀,45.13%,优秀,100.0,100.0,70.0,80.0,85.0
001133,广发中证全指可选,姚曦,广发,1.71亿元,76.0,96,82.0,81.6,3,3,3,5,1.19%,优秀,21.99%,良好,31.23%,优秀,9.84%,优秀,-0.56%,优秀,32.33%,优秀,90.0,90.0,75.0,80.0,75.0
005063,广发中证全指家用,陆志明,广发,2.66亿元,76.0,100,82.0,82.0,3,3,3,5,0.76%,优秀,28.31%,优秀,33.33%,优秀,22.31%,优秀,7.73%,优秀,37.67%,优秀,85.0,90.0,75.0,80.0,80.0
004874,融通巨潮100指,蔡志伟,融通,0.04亿元,76.0,48,77.0,73.8,3,3,3,5,-4.03%,一般,8.03%,一般,20.52%,良好,-5.98%,一般,-16.10%,一般,9.09%,一般,85.0,85.0,75.0,80.0,60.0
005051,摩根标普港股通低,胡迪,摩根,9.02亿元,60.0,78,51.0,56.39999999999999,3,1,1,5,-2.35%,良好,8.16%,一般,25.46%,优秀,14.21%,优秀,13.25%,优秀,5.08%,一般,90.0,85.0,0.0,0.0,80.0
501306,汇添富港股红利E,董瑾,汇添富,3.84亿元,68.0,62,77.0,72.8,3,3,1,5,-4.23%,一般,7.20%,不佳,25.76%,优秀,20.30%,优秀,15.35%,优秀,8.38%,一般,85.0,85.0,65.0,70.0,80.0
004854,广发中证全指汽车,陆志明,广发,11.53亿元,68.0,96,86.0,81.6,3,2,2,5,5.77%,优秀,19.58%,良好,44.87%,优秀,33.60%,优秀,21.21%,优秀,117.28%,优秀,100.0,100.0,75.0,70.0,85.0
005064,广发中证全指家用,陆志明,广发,1.73亿元,76.0,100,82.0,82.0,3,3,3,5,0.71%,优秀,28.18%,优秀,33.07%,优秀,21.82%,优秀,7.09%,优秀,36.30%,优秀,85.0,90.0,75.0,80.0,80.0
004788,富荣沪深300指,郎骋成,富荣,7.84亿元,72.0,30,76.0,70.2,3,2,3,5,-6.13%,不佳,8.58%,一般,16.65%,一般,-9.47%,一般,-15.35%,良好,70.81%,优秀,85.0,80.0,65.0,70.0,80.0
501025,鹏华香港银行指数,张羽翔,鹏华,2.62亿元,60.0,90,82.0,76.19999999999999,3,1,1,5,5.40%,优秀,14.23%,一般,41.44%,优秀,29.93%,优秀,30.35%,优秀,27.57%,良好,100.0,95.0,65.0,75.0,75.0
005624,广发中债1-3年,胡光耀,广发,1.47亿元,80.0,64,78.0,77.2,3,3,4,5,1.42%,一般,1.81%,一般,4.69%,良好,8.06%,良好,10.37%,良好,17.27%,一般,70.0,70.0,80.0,95.0,75.0
004855,广发中证全指汽车,陆志明,广发,6.18亿元,72.0,96,85.0,82.19999999999999,3,3,2,5,5.72%,优秀,19.46%,良好,44.58%,优秀,33.05%,优秀,20.49%,优秀,115.13%,优秀,100.0,100.0,75.0,70.0,80.0
501308,银河中证沪港深高,卢轶乔,银河,0.01亿元,68.0,32,73.0,67.39999999999999,3,3,1,5,-4.46%,一般,6.94%,不佳,18.69%,一般,6.10%,优秀,-4.46%,优秀,3.40%,不佳,80.0,80.0,70.0,75.0,60.0
005562,创金合信中证红利,孙悦,创金合信,18.79亿元,72.0,46,81.0,74.8,3,3,2,5,-1.50%,良好,4.35%,不佳,17.33%,一般,24.25%,优秀,28.23%,优秀,95.34%,优秀,80.0,85.0,70.0,80.0,90.0
501305,汇添富港股红利E,董瑾,汇添富,3.86亿元,68.0,62,77.0,72.8,3,3,1,5,-4.13%,一般,7.40%,不佳,26.18%,优秀,21.41%,优秀,16.89%,优秀,10.73%,一般,85.0,85.0,65.0,70.0,80.0
005561,创金合信中证红利,孙悦,创金合信,15.23亿元,72.0,46,80.0,74.19999999999999,3,3,2,5,-1.45%,良好,4.46%,不佳,17.57%,一般,24.75%,优秀,29.00%,优秀,97.30%,优秀,80.0,85.0,70.0,80.0,85.0
511270,海富通上证10年,唐灵儿,海富通,14.66亿元,76.0,100,80.0,80.8,3,3,3,5,4.00%,优秀,4.94%,优秀,9.57%,优秀,14.87%,优秀,18.13%,优秀,28.40%,优秀,90.0,75.0,80.0,70.0,85.0
501057,汇添富中证新能源,过蓓蓓,汇添富,49.01亿元,68.0,42,77.0,70.8,3,2,2,5,-1.27%,良好,22.25%,良好,11.41%,不佳,-32.64%,不佳,-42.45%,不佳,44.38%,优秀,80.0,65.0,70.0,75.0,95.0
501058,汇添富中证新能源,过蓓蓓,汇添富,37.75亿元,72.0,42,76.0,71.4,3,3,2,5,-1.33%,良好,22.09%,良好,11.13%,不佳,-32.98%,不佳,-42.88%,不佳,42.59%,优秀,80.0,65.0,70.0,75.0,90.0
005623,广发中债1-3年,胡光耀,广发,132.06亿元,84.00000000000001,72,84.0,82.8,3,4,4,5,1.45%,一般,1.86%,一般,4.78%,良好,8.27%,良好,10.69%,良好,17.83%,良好,70.0,70.0,80.0,100.0,100.0
512040,富国中证价值ET,曹璐迪,富国,20.05亿元,76.0,82,84.0,81.4,3,3,3,5,-0.93%,良好,10.85%,一般,19.53%,良好,21.02%,优秀,9.89%,优秀,85.44%,优秀,80.0,80.0,80.0,90.0,90.0
159959,银华中证央企结构,周大鹏,银华,30.77亿元,80.0,54,82.0,78.6,3,3,4,5,-5.87%,不佳,3.48%,不佳,19.82%,良好,6.23%,优秀,0.99%,优秀,38.26%,优秀,75.0,80.0,80.0,85.0,90.0
501310,华宝沪港深价值指,周晶,华宝,0.67亿元,60.0,82,53.0,58.0,3,1,1,5,-3.56%,一般,9.70%,一般,32.11%,优秀,20.78%,优秀,16.02%,优秀,15.40%,良好,95.0,95.0,0.0,0.0,75.0
004789,富荣沪深300指,郎骋成,富荣,6.02亿元,76.0,30,76.0,71.4,3,3,3,5,-6.15%,不佳,8.53%,一般,16.53%,一般,-9.65%,一般,-15.60%,良好,69.94%,优秀,85.0,80.0,65.0,70.0,80.0
006633,博时中债1-3政,倪玉娟,博时,70.16亿元,84.00000000000001,64,84.0,82.0,3,4,4,5,1.55%,良好,2.05%,良好,4.96%,良好,7.81%,良好,10.09%,一般,16.50%,一般,75.0,70.0,85.0,100.0,90.0
006961,南方中债7-10,朱佳,南方,90.43亿元,68.0,100,81.0,79.0,3,1,3,5,5.19%,优秀,5.86%,优秀,11.64%,优秀,18.20%,优秀,21.29%,优秀,34.06%,优秀,65.0,75.0,80.0,90.0,95.0
006485,广发中债1-3年,郎振东,广发,5.38亿元,80.0,80,78.0,78.8,3,3,4,5,1.74%,良好,2.15%,良好,5.38%,良好,9.06%,良好,11.28%,良好,18.30%,良好,70.0,70.0,80.0,95.0,75.0
501307,银河中证沪港深高,卢轶乔,银河,0.18亿元,60.0,56,75.0,68.6,3,1,1,5,-4.40%,一般,7.09%,不佳,18.99%,良好,6.63%,优秀,-3.74%,优秀,4.70%,一般,80.0,80.0,70.0,75.0,70.0
006848,博时中债5-10,魏桢,博时,22.52亿元,76.0,100,78.0,79.6,3,2,4,5,5.25%,优秀,5.99%,优秀,11.59%,优秀,17.54%,优秀,20.16%,优秀,30.86%,优秀,65.0,75.0,80.0,90.0,80.0
006962,南方中债7-10,朱佳,南方,70.72亿元,76.0,100,80.0,80.8,3,3,3,5,5.15%,优秀,5.81%,优秀,11.53%,优秀,17.96%,优秀,20.94%,优秀,33.44%,优秀,65.0,75.0,80.0,90.0,90.0
512890,华泰柏瑞中证红利,柳军,华泰柏瑞,137.50亿元,72.0,70,85.0,79.6,3,2,3,5,-1.64%,良好,4.73%,不佳,19.21%,良好,27.66%,优秀,31.22%,优秀,86.16%,优秀,80.0,85.0,75.0,85.0,100.0
006809,泰康香港银行指数,袁帅,泰康,0.71亿元,60.0,96,84.0,78.0,3,1,1,5,6.23%,优秀,15.09%,良好,44.05%,优秀,32.21%,优秀,32.12%,优秀,30.05%,优秀,100.0,100.0,65.0,80.0,75.0
673101,西部利得沪深30,盛丰衍,西部利得,3.54亿元,72.0,40,73.0,69.39999999999999,3,3,2,5,-3.53%,一般,8.76%,一般,16.64%,一般,-4.80%,良好,-15.99%,一般,22.88%,良好,80.0,80.0,55.0,70.0,80.0
007191,富国中证价值ET,曹璐迪,富国,0.98亿元,76.0,62,78.0,75.8,3,3,3,5,-0.78%,优秀,10.19%,一般,17.92%,一般,18.62%,优秀,7.95%,优秀,75.30%,优秀,80.0,80.0,75.0,80.0,75.0
006810,泰康香港银行指数,袁帅,泰康,0.84亿元,68.0,94,83.0,79.6,3,3,1,5,6.12%,优秀,15.56%,良好,44.34%,优秀,31.95%,优秀,31.32%,优秀,28.25%,良好,100.0,100.0,65.0,80.0,70.0
006849,博时中债5-10,魏桢,博时,15.16亿元,80.0,100,78.0,80.8,3,3,4,5,5.22%,优秀,5.94%,优秀,11.50%,优秀,17.31%,优秀,19.81%,优秀,30.20%,优秀,65.0,75.0,80.0,90.0,80.0
007760,景顺长城沪港深红,曾理,景顺长城,1.64亿元,72.0,92,81.0,79.4,3,3,2,5,1.19%,优秀,9.81%,一般,27.14%,优秀,28.36%,优秀,30.16%,优秀,51.99%,优秀,95.0,90.0,75.0,75.0,70.0
007289,汇添富中债1-3,杨靖,汇添富,70.98亿元,84.00000000000001,72,81.0,81.00000000000001,3,4,4,5,1.55%,良好,1.97%,良好,4.49%,良好,7.77%,良好,10.11%,一般,17.92%,良好,70.0,70.0,80.0,95.0,90.0
007397,华宝沪港深价值指,周晶,华宝,0.04亿元,68.0,74,50.0,57.8,3,3,1,5,-3.66%,一般,9.26%,一般,31.30%,优秀,19.47%,优秀,14.32%,优秀,12.82%,一般,95.0,95.0,0.0,0.0,60.0
007466,华泰柏瑞中证红利,柳军,华泰柏瑞,15.43亿元,76.0,46,80.0,75.39999999999999,3,3,3,5,-1.39%,良好,4.45%,不佳,17.91%,一般,25.36%,优秀,28.82%,优秀,79.10%,优秀,80.0,85.0,70.0,80.0,85.0
007431,浙商之江凤凰联接,周文超,浙商资管,0.58亿元,72.0,80,75.0,74.6,3,2,3,5,-1.06%,良好,12.54%,一般,23.12%,良好,2.17%,良好,3.53%,优秀,64.40%,优秀,80.0,80.0,75.0,70.0,70.0
007817,国泰中证全指通信,艾小军,国泰,2.35亿元,72.0,96,77.0,77.4,3,2,3,5,2.36%,优秀,23.95%,良好,46.51%,优秀,60.84%,优秀,34.20%,优秀,31.11%,优秀,70.0,95.0,70.0,70.0,80.0
007818,国泰中证全指通信,艾小军,国泰,5.38亿元,76.0,96,77.0,78.6,3,3,3,5,2.28%,优秀,23.75%,良好,46.07%,优秀,59.89%,优秀,32.99%,优秀,29.15%,优秀,70.0,95.0,70.0,70.0,80.0
512190,浙商之江凤凰ET,周文超,浙商资管,0.66亿元,72.0,86,78.0,76.99999999999999,3,2,3,5,-1.19%,良好,13.48%,一般,25.52%,优秀,2.54%,良好,3.83%,优秀,71.46%,优秀,80.0,80.0,80.0,80.0,70.0
515580,华泰柏瑞中证科技,胡亦清,华泰柏瑞,4.43亿元,80.0,94,83.0,83.2,3,3,4,5,0.83%,优秀,18.82%,良好,26.63%,优秀,4.58%,优秀,-10.10%,良好,42.35%,优秀,80.0,80.0,85.0,90.0,80.0
515300,嘉实沪深300红,王紫菡,嘉实,49.82亿元,72.0,70,85.0,79.6,3,2,3,5,-1.51%,良好,4.32%,不佳,22.29%,良好,33.16%,优秀,33.40%,优秀,61.31%,优秀,80.0,90.0,80.0,85.0,90.0
007467,华泰柏瑞中证红利,柳军,华泰柏瑞,24.68亿元,76.0,46,80.0,75.39999999999999,3,3,3,5,-1.45%,良好,4.32%,不佳,17.63%,一般,24.74%,优秀,27.87%,优秀,76.88%,优秀,80.0,85.0,70.0,80.0,85.0
007107,太平MSCI香港,林开盛,太平,1.33亿元,60.0,90,51.0,57.6,3,1,1,5,0.16%,优秀,8.98%,一般,27.77%,优秀,21.97%,优秀,20.61%,优秀,27.00%,良好,95.0,85.0,0.0,0.0,75.0
515880,国泰中证全指通信,艾小军,国泰,24.75亿元,76.0,98,84.0,83.0,3,3,3,5,2.00%,优秀,25.06%,优秀,47.85%,优秀,60.65%,优秀,32.57%,优秀,23.67%,良好,70.0,95.0,85.0,80.0,90.0
007108,太平MSCI香港,林开盛,太平,0.01亿元,68.0,90,46.0,57.0,3,3,1,5,0.06%,优秀,8.75%,一般,27.25%,优秀,20.99%,优秀,19.15%,优秀,23.98%,良好,95.0,85.0,0.0,0.0,50.0
007325,鑫元中债1-3年,俞敏超,鑫元,0.04亿元,80.0,32,74.0,71.60000000000001,3,3,4,5,1.43%,一般,1.82%,一般,4.37%,一般,7.92%,良好,10.00%,一般,16.28%,一般,70.0,70.0,80.0,95.0,55.0
007324,鑫元中债1-3年,俞敏超,鑫元,36.48亿元,76.0,64,82.0,78.4,3,2,4,5,1.47%,一般,1.88%,一般,4.54%,良好,8.24%,良好,10.44%,良好,16.97%,一般,75.0,70.0,80.0,95.0,90.0
512730,鹏华中证银行ET,余展昌,鹏华,0.84亿元,64.0,92,85.0,79.4,3,1,2,5,3.98%,优秀,13.90%,一般,37.88%,优秀,32.19%,优秀,24.76%,优秀,57.77%,优秀,100.0,100.0,70.0,80.0,75.0
006484,广发中债1-3年,郎振东,广发,117.36亿元,80.0,80,83.0,81.8,3,3,4,5,1.77%,良好,2.22%,良好,5.49%,良好,9.25%,良好,11.60%,良好,18.88%,良好,70.0,70.0,80.0,95.0,100.0
008115,天弘中证红利低波,刘笑明,天弘,23.27亿元,80.0,58,80.0,77.8,3,3,4,5,-0.96%,良好,8.18%,一般,14.60%,一般,19.92%,优秀,24.75%,优秀,69.27%,优秀,80.0,80.0,75.0,80.0,85.0
007605,嘉实沪深300红,王紫菡,嘉实,18.30亿元,80.0,70,81.0,79.6,3,4,3,5,-1.35%,良好,3.97%,不佳,20.79%,良好,30.60%,优秀,30.32%,优秀,54.53%,优秀,80.0,90.0,75.0,75.0,85.0
515450,南方红利低波50,崔蕾,南方,52.10亿元,72.0,92,86.0,82.4,3,2,3,5,1.54%,优秀,9.68%,一般,26.45%,优秀,40.39%,优秀,39.30%,优秀,82.84%,优秀,80.0,95.0,80.0,85.0,90.0
515020,华夏中证银行ET,李俊,华夏,3.37亿元,64.0,92,86.0,80.0,3,1,2,5,4.17%,优秀,14.36%,一般,38.87%,优秀,34.16%,优秀,25.89%,优秀,57.44%,优秀,100.0,100.0,70.0,80.0,80.0
008326,东财通信A,姚楠燕,东财,0.88亿元,80.0,100,78.0,80.8,3,3,4,5,7.49%,优秀,26.38%,优秀,50.54%,优秀,50.30%,优秀,26.77%,优秀,42.34%,优秀,70.0,95.0,75.0,75.0,75.0
008054,汇添富中债7-1,何旻,汇添富,28.75亿元,68.0,100,79.0,77.8,3,1,3,5,4.97%,优秀,5.54%,优秀,10.80%,优秀,17.65%,优秀,18.85%,优秀,25.94%,优秀,65.0,75.0,85.0,80.0,90.0
008164,南方红利低波50,崔蕾,南方,20.26亿元,76.0,86,82.0,80.6,3,3,3,5,1.39%,优秀,8.91%,一般,24.66%,良好,36.72%,优秀,34.85%,优秀,72.12%,优秀,80.0,95.0,75.0,80.0,80.0
008216,农银汇理彭博1-,郭振宇,农银,9.15亿元,68.0,48,45.0,52.2,3,3,1,5,1.52%,一般,1.81%,一般,4.37%,一般,7.93%,良好,10.27%,良好,17.81%,良好,75.0,70.0,0.0,0.0,80.0
008399,华泰柏瑞中证科技,胡亦清,华泰柏瑞,1.87亿元,76.0,93,77.0,78.3,3,2,4,5,0.95%,优秀,18.01%,良好,25.50%,优秀,4.42%,优秀,-9.31%,良好,---,,80.0,80.0,75.0,75.0,75.0
159996,国泰中证全指家电,苗梦羽,国泰,15.84亿元,68.0,100,86.0,82.0,3,2,2,5,0.28%,优秀,29.28%,优秀,33.97%,优秀,22.12%,优秀,6.50%,优秀,---,,85.0,90.0,80.0,85.0,90.0
008163,南方红利低波50,崔蕾,南方,18.91亿元,80.0,86,83.0,82.39999999999999,3,4,3,5,1.50%,优秀,9.12%,一般,25.15%,良好,37.82%,优秀,36.46%,优秀,75.57%,优秀,80.0,95.0,75.0,80.0,85.0
008240,东财上证50ET,姚楠燕,东财,1.22亿元,80.0,28,78.0,73.6,3,5,4,4,-4.77%,一般,7.19%,不佳,16.90%,一般,-3.09%,良好,-11.52%,良好,14.90%,一般,85.0,80.0,75.0,75.0,75.0
008298,华夏中证银行ET,李俊,华夏,1.62亿元,72.0,92,84.0,81.2,3,3,2,5,3.82%,优秀,13.41%,一般,35.88%,优秀,31.10%,优秀,23.19%,优秀,49.83%,优秀,95.0,100.0,70.0,80.0,75.0
008400,华泰柏瑞中证科技,胡亦清,华泰柏瑞,0.57亿元,80.0,87,76.0,78.3,3,3,4,5,0.89%,优秀,17.85%,良好,25.18%,良好,3.87%,优秀,-10.00%,良好,---,,80.0,80.0,75.0,75.0,70.0
007606,嘉实沪深300红,王紫菡,嘉实,14.79亿元,76.0,70,81.0,78.4,3,3,3,5,-1.45%,良好,3.76%,不佳,20.31%,良好,29.57%,优秀,28.76%,优秀,51.47%,优秀,80.0,90.0,75.0,75.0,85.0
159811,博时中证5G产业,尹浩,博时,1.24亿元,80.0,96,80.0,81.6,3,3,4,5,5.69%,优秀,20.95%,良好,46.51%,优秀,37.93%,优秀,6.60%,优秀,---,,70.0,90.0,80.0,85.0,75.0
008114,天弘中证红利低波,刘笑明,天弘,10.69亿元,84.00000000000001,58,80.0,79.0,3,4,4,5,-0.92%,良好,8.29%,一般,14.83%,一般,20.39%,优秀,25.49%,优秀,70.97%,优秀,80.0,80.0,75.0,80.0,85.0
008713,国泰中证全指家用,晏曦,国泰,0.74亿元,68.0,100,79.0,77.8,3,2,2,5,0.41%,优秀,27.48%,优秀,31.83%,优秀,20.93%,优秀,6.89%,优秀,---,,85.0,85.0,75.0,75.0,75.0
008714,国泰中证全指家用,晏曦,国泰,0.87亿元,72.0,100,79.0,79.0,3,3,2,5,0.33%,优秀,27.28%,优秀,31.44%,优秀,20.20%,优秀,5.92%,优秀,---,,85.0,85.0,75.0,75.0,75.0
008055,汇添富中债7-1,何旻,汇添富,15.54亿元,76.0,100,78.0,79.6,3,3,3,5,4.95%,优秀,5.61%,优秀,10.80%,优秀,17.53%,优秀,18.60%,优秀,25.37%,优秀,65.0,75.0,85.0,80.0,85.0
009560,上银中债1-3年,许佳,上银,211.27亿元,72.0,76,82.0,78.39999999999999,3,1,4,5,1.31%,一般,2.00%,良好,4.81%,良好,8.81%,良好,11.00%,良好,---,,70.0,70.0,80.0,90.0,100.0
009422,工银彭博国开债1,汪湛,工银,0.00亿元,68.0,80,38.0,51.2,3,3,1,5,1.98%,良好,2.49%,良好,5.14%,良好,8.40%,良好,10.36%,良好,---,,70.0,70.0,0.0,0.0,50.0
009541,银华中债1-3年,赵旭东,银华,72.50亿元,76.0,80,82.0,80.0,3,2,4,5,1.55%,良好,1.97%,良好,4.43%,良好,7.75%,良好,10.15%,良好,---,,70.0,70.0,80.0,95.0,95.0
012462,东财龙头家电指数,姚楠燕,东财,0.39亿元,76.0,88,78.0,78.39999999999999,3,3,3,5,-3.52%,一般,17.77%,良好,30.17%,优秀,16.42%,优秀,5.72%,优秀,---,,80.0,85.0,75.0,80.0,70.0
007995,华夏中证500指,孙蒙,华夏,18.40亿元,76.0,59,73.0,72.5,3,3,3,5,-1.92%,良好,14.91%,良好,15.32%,一般,3.02%,良好,2.05%,优秀,---,,75.0,75.0,55.0,75.0,85.0
511180,海富通上证投资级,陈轶平,海富通,53.41亿元,76.0,70,81.0,78.4,3,3,3,5,4.53%,优秀,7.88%,优秀,11.25%,优秀,6.26%,不佳,0.96%,不佳,---,,85.0,75.0,90.0,65.0,90.0
008965,华泰紫金中债1-,杨义山,华泰证券(上海),0.03亿元,80.0,78,76.0,77.39999999999999,3,3,4,5,1.37%,一般,1.74%,一般,4.58%,良好,23.51%,优秀,25.48%,优秀,---,,70.0,70.0,85.0,95.0,60.0
009059,南方沪深300增,解锐,南方,2.75亿元,72.0,64,74.0,72.4,3,3,2,5,-2.14%,良好,10.41%,一般,20.98%,良好,-1.87%,良好,-16.79%,一般,---,,80.0,80.0,60.0,75.0,75.0
515760,华夏中证浙江国资,鲁亚运,华夏,2.15亿元,72.0,90,81.0,79.2,3,2,3,5,0.43%,优秀,17.35%,良好,24.05%,良好,7.96%,优秀,0.37%,优秀,---,,80.0,80.0,80.0,85.0,80.0
009803,易方达中债7-1,杨真,易方达,34.08亿元,76.0,100,80.0,80.8,3,3,3,5,4.02%,优秀,4.50%,优秀,9.40%,优秀,15.53%,优秀,18.09%,优秀,---,,65.0,75.0,80.0,85.0,95.0
008916,华夏中证浙江国资,鲁亚运,华夏,0.45亿元,80.0,90,76.0,78.6,3,4,3,5,0.38%,优秀,16.35%,良好,22.52%,良好,7.63%,优秀,0.21%,优秀,---,,80.0,80.0,75.0,75.0,70.0
008917,华夏中证浙江国资,鲁亚运,华夏,0.07亿元,76.0,90,75.0,76.8,3,3,3,5,0.31%,优秀,16.17%,良好,22.15%,良好,6.98%,优秀,-0.70%,优秀,---,,80.0,80.0,75.0,75.0,65.0
010365,鹏华香港银行指数,张羽翔,鹏华,38.20亿元,68.0,96,84.0,80.4,3,3,1,5,5.37%,优秀,14.43%,良好,41.59%,优秀,29.94%,优秀,30.23%,优秀,---,,100.0,95.0,65.0,75.0,85.0
009421,工银彭博国开债1,汪湛,工银,1.07亿元,68.0,84,43.0,54.6,3,3,1,5,1.98%,良好,2.55%,优秀,5.26%,良好,8.63%,良好,10.75%,良好,---,,70.0,70.0,0.0,0.0,75.0
008327,东财通信C,姚楠燕,东财,2.25亿元,80.0,100,79.0,81.4,3,3,4,5,7.42%,优秀,26.21%,优秀,50.16%,优秀,49.54%,优秀,25.82%,优秀,40.56%,优秀,70.0,95.0,75.0,75.0,80.0
001361,景顺长城中证科技,张晓南,景顺长城,2.85亿元,76.0,90,76.0,77.4,3,2,4,5,4.97%,优秀,27.99%,优秀,38.88%,优秀,18.29%,优秀,-3.62%,优秀,10.29%,一般,70.0,85.0,75.0,70.0,80.0
164818,工银传媒指数A,刘伟琳,工银,1.30亿元,72.0,60,75.0,72.6,3,2,3,5,2.11%,优秀,31.17%,优秀,15.32%,一般,21.33%,优秀,-0.61%,优秀,-5.95%,不佳,70.0,75.0,75.0,80.0,75.0
010954,天弘国证A50指,陈瑶,天弘,0.74亿元,76.0,60,77.0,75.0,3,3,3,5,-5.59%,不佳,10.97%,一般,20.32%,良好,-5.13%,良好,-15.44%,良好,---,,85.0,80.0,75.0,75.0,70.0
011062,广发中债7-10,王予柯,广发,114.41亿元,76.0,100,82.0,82.0,3,3,3,5,4.89%,优秀,5.36%,优秀,10.79%,优秀,17.33%,优秀,20.60%,优秀,---,,65.0,75.0,90.0,80.0,100.0
515290,天弘中证银行ET,陈瑶,天弘,39.21亿元,68.0,96,88.0,82.79999999999998,3,2,2,5,4.18%,优秀,14.45%,良好,39.13%,优秀,33.03%,优秀,23.96%,优秀,---,,100.0,100.0,70.0,80.0,90.0
010674,兴全中证800六,申庆,兴证全球,1.00亿元,72.0,86,74.0,74.6,3,3,2,5,-2.36%,良好,14.50%,良好,19.33%,良好,4.89%,优秀,-1.10%,优秀,---,,80.0,80.0,60.0,75.0,75.0
161607,融通巨潮100指,蔡志伟,融通,4.84亿元,72.0,64,82.0,77.2,3,2,3,5,-4.01%,一般,8.14%,一般,20.83%,良好,-5.25%,良好,-15.08%,良好,11.32%,一般,90.0,85.0,75.0,80.0,80.0
159851,华宝中证金融科技,陈建华,华宝,46.70亿元,76.0,100,81.0,81.4,3,3,3,5,0.88%,优秀,85.22%,优秀,51.33%,优秀,24.31%,优秀,8.93%,优秀,---,,75.0,95.0,80.0,75.0,80.0
161628,融通中证云计算与,何天翔,融通,6.55亿元,68.0,100,73.0,74.19999999999999,3,2,2,5,0.14%,优秀,29.77%,优秀,39.82%,优秀,19.81%,优秀,5.74%,优秀,37.00%,优秀,70.0,80.0,70.0,65.0,80.0
010953,天弘国证A50指,陈瑶,天弘,0.46亿元,76.0,60,77.0,75.0,3,3,3,5,-5.55%,不佳,11.07%,一般,20.57%,良好,-4.75%,良好,-14.93%,良好,---,,85.0,80.0,75.0,75.0,70.0
010263,海富通中债1-3,方昆明,海富通,0.07亿元,80.0,80,74.0,76.4,3,3,4,5,1.83%,良好,2.22%,良好,4.88%,良好,8.18%,良好,10.23%,良好,---,,70.0,70.0,80.0,95.0,55.0
011971,东财银行A,姚楠燕,东财,0.39亿元,72.0,92,82.0,80.0,3,3,2,5,3.82%,优秀,13.55%,一般,35.51%,优秀,30.70%,优秀,23.62%,优秀,---,,95.0,100.0,70.0,75.0,70.0
516310,易方达中证银行E,刘树荣,易方达,11.86亿元,72.0,96,88.0,84.0,3,2,3,5,4.33%,优秀,14.70%,良好,39.80%,优秀,35.12%,优秀,27.20%,优秀,---,,100.0,100.0,70.0,85.0,85.0
003015,中金沪深300A,耿帅军,中金,8.18亿元,80.0,76,78.0,78.39999999999999,3,4,5,4,-2.95%,良好,9.53%,一般,19.72%,良好,-0.89%,良好,-9.59%,良好,24.13%,良好,80.0,80.0,70.0,75.0,85.0
002977,广发中证全指可选,姚曦,广发,1.04亿元,76.0,96,81.0,81.0,3,3,3,5,1.14%,优秀,21.88%,良好,30.99%,优秀,9.41%,优秀,-1.15%,优秀,31.02%,优秀,90.0,90.0,75.0,80.0,70.0
517360,华安中证沪港深科,倪斌,华安,0.66亿元,60.0,88,79.0,74.2,3,1,1,5,-4.79%,一般,17.93%,良好,34.47%,优秀,7.35%,优秀,-4.36%,优秀,---,,95.0,85.0,80.0,60.0,75.0
010262,海富通中债1-3,方昆明,海富通,16.36亿元,84.00000000000001,80,81.0,81.80000000000001,3,4,4,5,1.86%,良好,2.29%,良好,5.07%,良好,8.58%,良好,10.76%,良好,---,,75.0,70.0,80.0,95.0,85.0
010604,长城中债5-10,张棪,长城,9.48亿元,76.0,100,78.0,79.6,3,3,3,5,4.53%,优秀,5.25%,优秀,10.67%,优秀,15.94%,优秀,18.07%,优秀,---,,65.0,75.0,80.0,90.0,80.0
010603,长城中债5-10,张棪,长城,48.31亿元,76.0,100,79.0,80.2,3,3,3,5,4.56%,优秀,5.36%,优秀,10.83%,优秀,16.24%,优秀,18.49%,优秀,---,,65.0,75.0,80.0,90.0,85.0
007155,银河中债央企20,何晶,银河,1.19亿元,80.0,32,75.0,72.2,3,4,5,4,1.18%,一般,1.41%,一般,3.82%,一般,7.39%,一般,9.41%,一般,17.48%,良好,70.0,70.0,90.0,70.0,75.0
560660,新华中证云计算5,邓岳,新华,0.56亿元,76.0,100,76.0,78.4,3,3,3,5,1.82%,优秀,38.25%,优秀,45.28%,优秀,25.10%,优秀,8.09%,优秀,---,,70.0,90.0,80.0,65.0,75.0
013138,上银中债5-10,许佳,上银,77.13亿元,76.0,100,80.0,80.8,3,3,3,5,4.11%,优秀,5.07%,优秀,10.98%,优秀,17.99%,优秀,20.02%,优秀,---,,65.0,75.0,80.0,85.0,95.0
012973,国泰800汽车与,晏曦,国泰,0.16亿元,76.0,96,82.0,81.6,3,3,3,5,1.27%,优秀,21.03%,良好,37.90%,优秀,25.30%,优秀,10.17%,优秀,---,,95.0,95.0,70.0,80.0,70.0
012974,国泰800汽车与,晏曦,国泰,0.39亿元,76.0,96,82.0,81.6,3,3,3,5,1.20%,优秀,20.85%,良好,37.50%,优秀,24.58%,优秀,9.20%,优秀,---,,95.0,95.0,70.0,80.0,70.0
012461,东财龙头家电指数,姚楠燕,东财,0.59亿元,76.0,92,81.0,80.60000000000001,3,3,3,5,-3.42%,良好,18.00%,良好,30.69%,优秀,17.35%,优秀,7.00%,优秀,---,,80.0,90.0,75.0,85.0,75.0
013234,华夏中证500指,孙蒙,华夏,4.68亿元,76.0,59,72.0,71.9,3,3,3,5,-1.77%,良好,15.18%,良好,15.45%,一般,2.74%,良好,1.53%,优秀,---,,75.0,75.0,55.0,75.0,80.0
003184,财通中证ESG1,顾弘原,财通,0.00亿元,80.0,38,46.0,55.39999999999999,3,3,4,5,0.00%,优秀,0.00%,不佳,0.00%,不佳,0.00%,良好,0.00%,优秀,0.00%,不佳,0.0,65.0,50.0,65.0,50.0
013233,华夏中证500指,孙蒙,华夏,15.38亿元,76.0,62,73.0,72.8,3,3,3,5,-1.67%,良好,15.42%,良好,15.92%,一般,3.57%,优秀,2.76%,优秀,---,,75.0,75.0,55.0,75.0,85.0
159719,平安富时中国国企,刘洁倩,平安,3.08亿元,76.0,54,84.0,78.60000000000001,3,3,3,5,-6.17%,不佳,-1.65%,不佳,24.06%,良好,34.36%,优秀,44.84%,优秀,---,,80.0,95.0,80.0,85.0,80.0
013594,南方中债7-10,朱佳,南方,63.73亿元,76.0,100,81.0,81.4,3,3,3,5,5.14%,优秀,5.78%,优秀,11.46%,优秀,17.83%,优秀,21.18%,优秀,---,,65.0,75.0,80.0,90.0,95.0
517180,南方富时中国国企,龚涛,南方,13.63亿元,76.0,54,85.0,79.2,3,3,3,5,-6.05%,不佳,-1.54%,不佳,24.50%,良好,36.39%,优秀,46.90%,优秀,---,,80.0,95.0,80.0,85.0,85.0
012735,财通资管中债1-,宫志芳,财通资管,60.96亿元,76.0,68,80.0,77.6,3,3,3,5,2.06%,良好,2.46%,良好,4.87%,良好,8.03%,良好,9.86%,一般,---,,70.0,70.0,80.0,90.0,90.0
517090,国泰富时中国国企,梁杏,国泰,6.44亿元,76.0,54,84.0,78.60000000000001,3,3,3,5,-5.95%,不佳,-1.47%,不佳,24.08%,良好,31.07%,优秀,39.08%,优秀,---,,80.0,95.0,80.0,85.0,80.0
517660,天弘中证沪港深物,刘笑明,天弘,0.44亿元,76.0,89,76.0,77.30000000000001,3,3,3,5,-0.93%,良好,20.29%,良好,35.85%,优秀,14.58%,优秀,-9.42%,良好,---,,75.0,85.0,85.0,65.0,70.0
014028,招商中证银行指数,侯昊,招商,0.66亿元,76.0,92,84.0,82.4,3,3,3,5,3.99%,优秀,14.04%,一般,37.10%,优秀,31.21%,优秀,22.85%,优秀,---,,100.0,100.0,70.0,80.0,70.0
014130,融通中证云计算与,何天翔,融通,9.23亿元,76.0,100,73.0,76.6,3,3,3,5,0.04%,优秀,29.51%,优秀,39.27%,优秀,18.85%,优秀,4.48%,优秀,---,,70.0,80.0,70.0,65.0,80.0
012801,富国中证医药50,王乐乐,富国,0.72亿元,80.0,0,70.0,66.0,3,3,4,5,-7.36%,不佳,5.97%,不佳,-6.87%,不佳,-29.60%,不佳,-29.79%,不佳,---,,60.0,60.0,75.0,80.0,75.0
010677,工银传媒指数C,刘伟琳,工银,0.84亿元,76.0,70,74.0,74.2,3,3,3,5,2.05%,优秀,31.01%,优秀,15.04%,一般,20.72%,优秀,-1.35%,优秀,---,,70.0,75.0,75.0,75.0,75.0
012708,东方红中证红利低,徐习佳,上海东方,23.42亿元,76.0,92,83.0,81.8,3,3,3,5,0.58%,优秀,8.78%,一般,26.83%,优秀,34.20%,优秀,38.24%,优秀,---,,85.0,95.0,75.0,75.0,85.0
014544,汇添富中证沪港深,乐无穹,汇添富,1.20亿元,76.0,100,73.0,76.6,3,3,3,5,0.82%,优秀,31.84%,优秀,39.77%,优秀,11.93%,优秀,-4.46%,优秀,---,,75.0,85.0,70.0,60.0,75.0
012709,东方红中证红利低,徐习佳,上海东方,26.21亿元,76.0,92,83.0,81.8,3,3,3,5,0.47%,优秀,8.55%,一般,26.32%,优秀,33.15%,优秀,36.59%,优秀,---,,85.0,95.0,75.0,75.0,85.0
014543,汇添富中证沪港深,乐无穹,汇添富,1.41亿元,76.0,100,73.0,76.6,3,3,3,5,0.88%,优秀,32.26%,优秀,40.38%,优秀,12.69%,优秀,-3.58%,优秀,---,,75.0,85.0,70.0,60.0,75.0
012802,富国中证医药50,王乐乐,富国,0.64亿元,80.0,0,70.0,66.0,3,3,4,5,-7.39%,不佳,5.91%,不佳,-6.96%,不佳,-29.74%,不佳,-30.00%,不佳,---,,60.0,60.0,75.0,80.0,75.0
009702,鹏华中债1-3年,叶朝明,鹏华,60.94亿元,84.00000000000001,68,79.0,79.39999999999999,3,4,4,5,1.78%,良好,1.97%,良好,4.39%,良好,7.66%,一般,10.17%,良好,---,,65.0,70.0,80.0,90.0,90.0
501012,汇添富中证中药E,过蓓蓓,汇添富,4.08亿元,72.0,18,72.0,66.6,3,3,2,5,-7.19%,不佳,1.15%,不佳,-2.21%,不佳,-14.22%,一般,-12.95%,良好,29.50%,优秀,65.0,60.0,75.0,80.0,80.0
008677,银华中债1-3年,赵旭东,银华,26.50亿元,76.0,72,81.0,78.60000000000001,3,2,4,5,1.68%,良好,2.08%,良好,4.53%,良好,7.86%,良好,10.24%,良好,16.89%,一般,70.0,70.0,80.0,95.0,90.0
013084,中信保诚中证智能,黄稚,中信保诚,0.15亿元,76.0,100,72.0,76.0,3,3,3,5,11.16%,优秀,40.98%,优秀,46.48%,优秀,25.86%,优秀,0.87%,优秀,---,,75.0,85.0,75.0,60.0,65.0
006748,富国中证价值ET,曹璐迪,富国,5.28亿元,76.0,62,79.0,76.4,3,3,3,5,-0.68%,优秀,10.42%,一般,18.40%,一般,19.58%,优秀,9.25%,优秀,78.87%,优秀,80.0,80.0,75.0,80.0,80.0
161121,易方达中证银行E,刘树荣,易方达,6.11亿元,76.0,92,86.0,83.60000000000001,3,3,3,5,4.13%,优秀,14.12%,一般,37.39%,优秀,31.68%,优秀,23.42%,优秀,49.62%,优秀,100.0,100.0,70.0,80.0,80.0
007228,华安中债7-10,周舒展,华安,11.02亿元,72.0,100,77.0,77.8,3,2,3,5,4.43%,优秀,4.94%,优秀,10.13%,优秀,16.36%,优秀,19.09%,优秀,27.21%,优秀,60.0,75.0,80.0,85.0,85.0
007751,景顺长城沪港深红,曾理,景顺长城,2.80亿元,68.0,92,83.0,79.39999999999999,3,2,2,5,1.25%,优秀,10.15%,一般,27.68%,优秀,29.22%,优秀,31.37%,优秀,54.15%,优秀,95.0,90.0,75.0,75.0,80.0
